date,division,home,away,home_goals,away_goals,n,p
2025-08-22,1,Breiðablik,Tindastóll,0,0,37,0.00925
2025-08-22,1,Breiðablik,Tindastóll,0,1,9,0.00225
2025-08-22,1,Breiðablik,Tindastóll,0,2,3,7.5e-4
2025-08-22,1,Breiðablik,Tindastóll,1,0,122,0.0305
2025-08-22,1,Breiðablik,Tindastóll,1,1,72,0.018
2025-08-22,1,Breiðablik,Tindastóll,1,2,17,0.00425
2025-08-22,1,Breiðablik,Tindastóll,1,3,4,0.001
2025-08-22,1,Breiðablik,Tindastóll,2,0,249,0.06225
2025-08-22,1,Breiðablik,Tindastóll,2,1,128,0.032
2025-08-22,1,Breiðablik,Tindastóll,2,2,29,0.00725
2025-08-22,1,Breiðablik,Tindastóll,2,3,7,0.00175
2025-08-22,1,Breiðablik,Tindastóll,2,4,2,5e-4
2025-08-22,1,Breiðablik,Tindastóll,3,0,349,0.08725
2025-08-22,1,Breiðablik,Tindastóll,3,1,203,0.05075
2025-08-22,1,Breiðablik,Tindastóll,3,2,55,0.01375
2025-08-22,1,Breiðablik,Tindastóll,3,3,8,0.002
2025-08-22,1,Breiðablik,Tindastóll,3,4,5,0.00125
2025-08-22,1,Breiðablik,Tindastóll,4,0,372,0.093
2025-08-22,1,Breiðablik,Tindastóll,4,1,168,0.042
2025-08-22,1,Breiðablik,Tindastóll,4,2,51,0.01275
2025-08-22,1,Breiðablik,Tindastóll,4,3,12,0.003
2025-08-22,1,Breiðablik,Tindastóll,4,4,1,2.5e-4
2025-08-22,1,Breiðablik,Tindastóll,4,6,1,2.5e-4
2025-08-22,1,Breiðablik,Tindastóll,4,7,1,2.5e-4
2025-08-22,1,Breiðablik,Tindastóll,5,0,369,0.09225
2025-08-22,1,Breiðablik,Tindastóll,5,1,172,0.043
2025-08-22,1,Breiðablik,Tindastóll,5,2,48,0.012
2025-08-22,1,Breiðablik,Tindastóll,5,3,13,0.00325
2025-08-22,1,Breiðablik,Tindastóll,5,4,3,7.5e-4
2025-08-22,1,Breiðablik,Tindastóll,6,0,290,0.0725
2025-08-22,1,Breiðablik,Tindastóll,6,1,149,0.03725
2025-08-22,1,Breiðablik,Tindastóll,6,2,38,0.0095
2025-08-22,1,Breiðablik,Tindastóll,6,3,11,0.00275
2025-08-22,1,Breiðablik,Tindastóll,7,0,215,0.05375
2025-08-22,1,Breiðablik,Tindastóll,7,1,106,0.0265
2025-08-22,1,Breiðablik,Tindastóll,7,2,22,0.0055
2025-08-22,1,Breiðablik,Tindastóll,7,3,6,0.0015
2025-08-22,1,Breiðablik,Tindastóll,7,4,2,5e-4
2025-08-22,1,Breiðablik,Tindastóll,8,0,149,0.03725
2025-08-22,1,Breiðablik,Tindastóll,8,1,74,0.0185
2025-08-22,1,Breiðablik,Tindastóll,8,2,23,0.00575
2025-08-22,1,Breiðablik,Tindastóll,8,3,11,0.00275
2025-08-22,1,Breiðablik,Tindastóll,8,4,3,7.5e-4
2025-08-22,1,Breiðablik,Tindastóll,9,0,98,0.0245
2025-08-22,1,Breiðablik,Tindastóll,9,1,52,0.013
2025-08-22,1,Breiðablik,Tindastóll,9,2,15,0.00375
2025-08-22,1,Breiðablik,Tindastóll,9,3,6,0.0015
2025-08-22,1,Breiðablik,Tindastóll,10,0,48,0.012
2025-08-22,1,Breiðablik,Tindastóll,10,1,37,0.00925
2025-08-22,1,Breiðablik,Tindastóll,10,2,9,0.00225
2025-08-22,1,Breiðablik,Tindastóll,10,3,4,0.001
2025-08-22,1,Breiðablik,Tindastóll,11,0,29,0.00725
2025-08-22,1,Breiðablik,Tindastóll,11,1,23,0.00575
2025-08-22,1,Breiðablik,Tindastóll,11,2,5,0.00125
2025-08-22,1,Breiðablik,Tindastóll,11,3,1,2.5e-4
2025-08-22,1,Breiðablik,Tindastóll,12,0,21,0.00525
2025-08-22,1,Breiðablik,Tindastóll,12,1,7,0.00175
2025-08-22,1,Breiðablik,Tindastóll,12,2,1,2.5e-4
2025-08-22,1,Breiðablik,Tindastóll,13,0,8,0.002
2025-08-22,1,Breiðablik,Tindastóll,13,1,7,0.00175
2025-08-22,1,Breiðablik,Tindastóll,13,2,1,2.5e-4
2025-08-22,1,Breiðablik,Tindastóll,14,0,3,7.5e-4
2025-08-22,1,Breiðablik,Tindastóll,14,1,4,0.001
2025-08-22,1,Breiðablik,Tindastóll,14,2,2,5e-4
2025-08-22,1,Breiðablik,Tindastóll,15,0,7,0.00175
2025-08-22,1,Breiðablik,Tindastóll,16,2,1,2.5e-4
2025-08-22,1,Breiðablik,Tindastóll,17,1,1,2.5e-4
2025-08-22,1,Breiðablik,Tindastóll,17,4,1,2.5e-4
2025-08-28,1,FH,Þróttur R.,0,0,236,0.059
2025-08-28,1,FH,Þróttur R.,0,1,215,0.05375
2025-08-28,1,FH,Þróttur R.,0,2,181,0.04525
2025-08-28,1,FH,Þróttur R.,0,3,95,0.02375
2025-08-28,1,FH,Þróttur R.,0,4,33,0.00825
2025-08-28,1,FH,Þróttur R.,0,5,9,0.00225
2025-08-28,1,FH,Þróttur R.,0,6,4,0.001
2025-08-28,1,FH,Þróttur R.,0,7,1,2.5e-4
2025-08-28,1,FH,Þróttur R.,0,8,2,5e-4
2025-08-28,1,FH,Þróttur R.,1,0,276,0.069
2025-08-28,1,FH,Þróttur R.,1,1,361,0.09025
2025-08-28,1,FH,Þróttur R.,1,2,267,0.06675
2025-08-28,1,FH,Þróttur R.,1,3,133,0.03325
2025-08-28,1,FH,Þróttur R.,1,4,59,0.01475
2025-08-28,1,FH,Þróttur R.,1,5,20,0.005
2025-08-28,1,FH,Þróttur R.,1,6,4,0.001
2025-08-28,1,FH,Þróttur R.,1,7,1,2.5e-4
2025-08-28,1,FH,Þróttur R.,1,8,1,2.5e-4
2025-08-28,1,FH,Þróttur R.,1,9,1,2.5e-4
2025-08-28,1,FH,Þróttur R.,2,0,211,0.05275
2025-08-28,1,FH,Þróttur R.,2,1,293,0.07325
2025-08-28,1,FH,Þróttur R.,2,2,233,0.05825
2025-08-28,1,FH,Þróttur R.,2,3,119,0.02975
2025-08-28,1,FH,Þróttur R.,2,4,63,0.01575
2025-08-28,1,FH,Þróttur R.,2,5,25,0.00625
2025-08-28,1,FH,Þróttur R.,2,6,5,0.00125
2025-08-28,1,FH,Þróttur R.,3,0,135,0.03375
2025-08-28,1,FH,Þróttur R.,3,1,222,0.0555
2025-08-28,1,FH,Þróttur R.,3,2,140,0.035
2025-08-28,1,FH,Þróttur R.,3,3,77,0.01925
2025-08-28,1,FH,Þróttur R.,3,4,31,0.00775
2025-08-28,1,FH,Þróttur R.,3,5,13,0.00325
2025-08-28,1,FH,Þróttur R.,3,6,5,0.00125
2025-08-28,1,FH,Þróttur R.,3,7,1,2.5e-4
2025-08-28,1,FH,Þróttur R.,4,0,80,0.02
2025-08-28,1,FH,Þróttur R.,4,1,87,0.02175
2025-08-28,1,FH,Þróttur R.,4,2,57,0.01425
2025-08-28,1,FH,Þróttur R.,4,3,35,0.00875
2025-08-28,1,FH,Þróttur R.,4,4,24,0.006
2025-08-28,1,FH,Þróttur R.,4,5,11,0.00275
2025-08-28,1,FH,Þróttur R.,4,6,3,7.5e-4
2025-08-28,1,FH,Þróttur R.,4,7,1,2.5e-4
2025-08-28,1,FH,Þróttur R.,5,0,33,0.00825
2025-08-28,1,FH,Þróttur R.,5,1,37,0.00925
2025-08-28,1,FH,Þróttur R.,5,2,34,0.0085
2025-08-28,1,FH,Þróttur R.,5,3,27,0.00675
2025-08-28,1,FH,Þróttur R.,5,4,9,0.00225
2025-08-28,1,FH,Þróttur R.,5,5,2,5e-4
2025-08-28,1,FH,Þróttur R.,5,6,2,5e-4
2025-08-28,1,FH,Þróttur R.,5,7,1,2.5e-4
2025-08-28,1,FH,Þróttur R.,5,10,1,2.5e-4
2025-08-28,1,FH,Þróttur R.,6,0,16,0.004
2025-08-28,1,FH,Þróttur R.,6,1,11,0.00275
2025-08-28,1,FH,Þróttur R.,6,2,19,0.00475
2025-08-28,1,FH,Þróttur R.,6,3,5,0.00125
2025-08-28,1,FH,Þróttur R.,6,4,6,0.0015
2025-08-28,1,FH,Þróttur R.,6,5,2,5e-4
2025-08-28,1,FH,Þróttur R.,7,0,4,0.001
2025-08-28,1,FH,Þróttur R.,7,1,8,0.002
2025-08-28,1,FH,Þróttur R.,7,2,3,7.5e-4
2025-08-28,1,FH,Þróttur R.,7,3,1,2.5e-4
2025-08-28,1,FH,Þróttur R.,8,0,1,2.5e-4
2025-08-28,1,FH,Þróttur R.,8,1,2,5e-4
2025-08-28,1,FH,Þróttur R.,8,2,2,5e-4
2025-08-28,1,FH,Þróttur R.,8,3,1,2.5e-4
2025-08-28,1,FH,Þróttur R.,8,6,1,2.5e-4
2025-08-28,1,FH,Þróttur R.,9,2,1,2.5e-4
2025-08-28,1,FH,Þróttur R.,10,6,1,2.5e-4
2025-08-28,1,Tindastóll,Víkingur R.,0,0,139,0.03475
2025-08-28,1,Tindastóll,Víkingur R.,0,1,238,0.0595
2025-08-28,1,Tindastóll,Víkingur R.,0,2,190,0.0475
2025-08-28,1,Tindastóll,Víkingur R.,0,3,115,0.02875
2025-08-28,1,Tindastóll,Víkingur R.,0,4,91,0.02275
2025-08-28,1,Tindastóll,Víkingur R.,0,5,40,0.01
2025-08-28,1,Tindastóll,Víkingur R.,0,6,18,0.0045
2025-08-28,1,Tindastóll,Víkingur R.,0,7,9,0.00225
2025-08-28,1,Tindastóll,Víkingur R.,0,8,3,7.5e-4
2025-08-28,1,Tindastóll,Víkingur R.,0,9,3,7.5e-4
2025-08-28,1,Tindastóll,Víkingur R.,1,0,177,0.04425
2025-08-28,1,Tindastóll,Víkingur R.,1,1,308,0.077
2025-08-28,1,Tindastóll,Víkingur R.,1,2,282,0.0705
2025-08-28,1,Tindastóll,Víkingur R.,1,3,196,0.049
2025-08-28,1,Tindastóll,Víkingur R.,1,4,118,0.0295
2025-08-28,1,Tindastóll,Víkingur R.,1,5,61,0.01525
2025-08-28,1,Tindastóll,Víkingur R.,1,6,30,0.0075
2025-08-28,1,Tindastóll,Víkingur R.,1,7,7,0.00175
2025-08-28,1,Tindastóll,Víkingur R.,1,8,2,5e-4
2025-08-28,1,Tindastóll,Víkingur R.,2,0,121,0.03025
2025-08-28,1,Tindastóll,Víkingur R.,2,1,242,0.0605
2025-08-28,1,Tindastóll,Víkingur R.,2,2,258,0.0645
2025-08-28,1,Tindastóll,Víkingur R.,2,3,149,0.03725
2025-08-28,1,Tindastóll,Víkingur R.,2,4,100,0.025
2025-08-28,1,Tindastóll,Víkingur R.,2,5,50,0.0125
2025-08-28,1,Tindastóll,Víkingur R.,2,6,25,0.00625
2025-08-28,1,Tindastóll,Víkingur R.,2,7,10,0.0025
2025-08-28,1,Tindastóll,Víkingur R.,2,8,4,0.001
2025-08-28,1,Tindastóll,Víkingur R.,2,9,1,2.5e-4
2025-08-28,1,Tindastóll,Víkingur R.,2,10,1,2.5e-4
2025-08-28,1,Tindastóll,Víkingur R.,2,11,1,2.5e-4
2025-08-28,1,Tindastóll,Víkingur R.,3,0,73,0.01825
2025-08-28,1,Tindastóll,Víkingur R.,3,1,133,0.03325
2025-08-28,1,Tindastóll,Víkingur R.,3,2,139,0.03475
2025-08-28,1,Tindastóll,Víkingur R.,3,3,111,0.02775
2025-08-28,1,Tindastóll,Víkingur R.,3,4,50,0.0125
2025-08-28,1,Tindastóll,Víkingur R.,3,5,30,0.0075
2025-08-28,1,Tindastóll,Víkingur R.,3,6,15,0.00375
2025-08-28,1,Tindastóll,Víkingur R.,3,7,5,0.00125
2025-08-28,1,Tindastóll,Víkingur R.,3,8,5,0.00125
2025-08-28,1,Tindastóll,Víkingur R.,3,10,1,2.5e-4
2025-08-28,1,Tindastóll,Víkingur R.,4,0,25,0.00625
2025-08-28,1,Tindastóll,Víkingur R.,4,1,80,0.02
2025-08-28,1,Tindastóll,Víkingur R.,4,2,78,0.0195
2025-08-28,1,Tindastóll,Víkingur R.,4,3,48,0.012
2025-08-28,1,Tindastóll,Víkingur R.,4,4,34,0.0085
2025-08-28,1,Tindastóll,Víkingur R.,4,5,12,0.003
2025-08-28,1,Tindastóll,Víkingur R.,4,6,9,0.00225
2025-08-28,1,Tindastóll,Víkingur R.,4,7,3,7.5e-4
2025-08-28,1,Tindastóll,Víkingur R.,4,8,2,5e-4
2025-08-28,1,Tindastóll,Víkingur R.,5,0,10,0.0025
2025-08-28,1,Tindastóll,Víkingur R.,5,1,22,0.0055
2025-08-28,1,Tindastóll,Víkingur R.,5,2,22,0.0055
2025-08-28,1,Tindastóll,Víkingur R.,5,3,20,0.005
2025-08-28,1,Tindastóll,Víkingur R.,5,4,11,0.00275
2025-08-28,1,Tindastóll,Víkingur R.,5,5,6,0.0015
2025-08-28,1,Tindastóll,Víkingur R.,5,6,1,2.5e-4
2025-08-28,1,Tindastóll,Víkingur R.,5,7,2,5e-4
2025-08-28,1,Tindastóll,Víkingur R.,6,0,3,7.5e-4
2025-08-28,1,Tindastóll,Víkingur R.,6,1,7,0.00175
2025-08-28,1,Tindastóll,Víkingur R.,6,2,8,0.002
2025-08-28,1,Tindastóll,Víkingur R.,6,3,12,0.003
2025-08-28,1,Tindastóll,Víkingur R.,6,4,2,5e-4
2025-08-28,1,Tindastóll,Víkingur R.,6,5,5,0.00125
2025-08-28,1,Tindastóll,Víkingur R.,6,6,2,5e-4
2025-08-28,1,Tindastóll,Víkingur R.,6,7,1,2.5e-4
2025-08-28,1,Tindastóll,Víkingur R.,7,0,3,7.5e-4
2025-08-28,1,Tindastóll,Víkingur R.,7,1,2,5e-4
2025-08-28,1,Tindastóll,Víkingur R.,7,2,5,0.00125
2025-08-28,1,Tindastóll,Víkingur R.,7,3,5,0.00125
2025-08-28,1,Tindastóll,Víkingur R.,7,4,2,5e-4
2025-08-28,1,Tindastóll,Víkingur R.,8,3,1,2.5e-4
2025-08-28,1,Tindastóll,Víkingur R.,9,0,1,2.5e-4
2025-08-28,1,Tindastóll,Víkingur R.,9,2,1,2.5e-4
2025-08-28,1,Tindastóll,Víkingur R.,9,4,2,5e-4
2025-08-28,1,Tindastóll,Víkingur R.,9,5,1,2.5e-4
2025-08-28,1,Tindastóll,Víkingur R.,10,5,1,2.5e-4
2025-08-28,2,Afturelding,Grótta,0,0,107,0.02675
2025-08-28,2,Afturelding,Grótta,0,1,206,0.0515
2025-08-28,2,Afturelding,Grótta,0,2,308,0.077
2025-08-28,2,Afturelding,Grótta,0,3,223,0.05575
2025-08-28,2,Afturelding,Grótta,0,4,157,0.03925
2025-08-28,2,Afturelding,Grótta,0,5,108,0.027
2025-08-28,2,Afturelding,Grótta,0,6,54,0.0135
2025-08-28,2,Afturelding,Grótta,0,7,28,0.007
2025-08-28,2,Afturelding,Grótta,0,8,10,0.0025
2025-08-28,2,Afturelding,Grótta,0,9,8,0.002
2025-08-28,2,Afturelding,Grótta,0,10,6,0.0015
2025-08-28,2,Afturelding,Grótta,0,14,1,2.5e-4
2025-08-28,2,Afturelding,Grótta,1,0,102,0.0255
2025-08-28,2,Afturelding,Grótta,1,1,238,0.0595
2025-08-28,2,Afturelding,Grótta,1,2,325,0.08125
2025-08-28,2,Afturelding,Grótta,1,3,285,0.07125
2025-08-28,2,Afturelding,Grótta,1,4,180,0.045
2025-08-28,2,Afturelding,Grótta,1,5,125,0.03125
2025-08-28,2,Afturelding,Grótta,1,6,70,0.0175
2025-08-28,2,Afturelding,Grótta,1,7,31,0.00775
2025-08-28,2,Afturelding,Grótta,1,8,16,0.004
2025-08-28,2,Afturelding,Grótta,1,9,6,0.0015
2025-08-28,2,Afturelding,Grótta,1,10,5,0.00125
2025-08-28,2,Afturelding,Grótta,1,11,2,5e-4
2025-08-28,2,Afturelding,Grótta,2,0,67,0.01675
2025-08-28,2,Afturelding,Grótta,2,1,157,0.03925
2025-08-28,2,Afturelding,Grótta,2,2,198,0.0495
2025-08-28,2,Afturelding,Grótta,2,3,158,0.0395
2025-08-28,2,Afturelding,Grótta,2,4,127,0.03175
2025-08-28,2,Afturelding,Grótta,2,5,72,0.018
2025-08-28,2,Afturelding,Grótta,2,6,35,0.00875
2025-08-28,2,Afturelding,Grótta,2,7,19,0.00475
2025-08-28,2,Afturelding,Grótta,2,8,5,0.00125
2025-08-28,2,Afturelding,Grótta,2,9,4,0.001
2025-08-28,2,Afturelding,Grótta,2,10,1,2.5e-4
2025-08-28,2,Afturelding,Grótta,2,12,3,7.5e-4
2025-08-28,2,Afturelding,Grótta,3,0,26,0.0065
2025-08-28,2,Afturelding,Grótta,3,1,59,0.01475
2025-08-28,2,Afturelding,Grótta,3,2,77,0.01925
2025-08-28,2,Afturelding,Grótta,3,3,74,0.0185
2025-08-28,2,Afturelding,Grótta,3,4,51,0.01275
2025-08-28,2,Afturelding,Grótta,3,5,29,0.00725
2025-08-28,2,Afturelding,Grótta,3,6,21,0.00525
2025-08-28,2,Afturelding,Grótta,3,7,9,0.00225
2025-08-28,2,Afturelding,Grótta,3,8,2,5e-4
2025-08-28,2,Afturelding,Grótta,3,9,4,0.001
2025-08-28,2,Afturelding,Grótta,3,10,2,5e-4
2025-08-28,2,Afturelding,Grótta,4,0,13,0.00325
2025-08-28,2,Afturelding,Grótta,4,1,26,0.0065
2025-08-28,2,Afturelding,Grótta,4,2,36,0.009
2025-08-28,2,Afturelding,Grótta,4,3,25,0.00625
2025-08-28,2,Afturelding,Grótta,4,4,17,0.00425
2025-08-28,2,Afturelding,Grótta,4,5,9,0.00225
2025-08-28,2,Afturelding,Grótta,4,6,4,0.001
2025-08-28,2,Afturelding,Grótta,4,7,5,0.00125
2025-08-28,2,Afturelding,Grótta,4,8,3,7.5e-4
2025-08-28,2,Afturelding,Grótta,4,9,1,2.5e-4
2025-08-28,2,Afturelding,Grótta,5,0,2,5e-4
2025-08-28,2,Afturelding,Grótta,5,1,11,0.00275
2025-08-28,2,Afturelding,Grótta,5,2,5,0.00125
2025-08-28,2,Afturelding,Grótta,5,3,9,0.00225
2025-08-28,2,Afturelding,Grótta,5,4,7,0.00175
2025-08-28,2,Afturelding,Grótta,5,5,8,0.002
2025-08-28,2,Afturelding,Grótta,5,7,2,5e-4
2025-08-28,2,Afturelding,Grótta,6,0,1,2.5e-4
2025-08-28,2,Afturelding,Grótta,6,2,4,0.001
2025-08-28,2,Afturelding,Grótta,6,3,1,2.5e-4
2025-08-28,2,Afturelding,Grótta,6,4,2,5e-4
2025-08-28,2,Afturelding,Grótta,6,5,2,5e-4
2025-08-28,2,Afturelding,Grótta,6,7,1,2.5e-4
2025-08-28,2,Afturelding,Grótta,6,9,1,2.5e-4
2025-08-28,2,Afturelding,Grótta,7,1,1,2.5e-4
2025-08-28,2,Afturelding,Grótta,7,2,1,2.5e-4
2025-08-28,2,Afturelding,Grótta,7,3,1,2.5e-4
2025-08-28,2,Afturelding,Grótta,8,1,1,2.5e-4
2025-08-28,2,HK,Fylkir,0,0,212,0.053
2025-08-28,2,HK,Fylkir,0,1,211,0.05275
2025-08-28,2,HK,Fylkir,0,2,113,0.02825
2025-08-28,2,HK,Fylkir,0,3,42,0.0105
2025-08-28,2,HK,Fylkir,0,4,24,0.006
2025-08-28,2,HK,Fylkir,0,5,12,0.003
2025-08-28,2,HK,Fylkir,0,6,1,2.5e-4
2025-08-28,2,HK,Fylkir,0,8,1,2.5e-4
2025-08-28,2,HK,Fylkir,1,0,314,0.0785
2025-08-28,2,HK,Fylkir,1,1,385,0.09625
2025-08-28,2,HK,Fylkir,1,2,181,0.04525
2025-08-28,2,HK,Fylkir,1,3,91,0.02275
2025-08-28,2,HK,Fylkir,1,4,40,0.01
2025-08-28,2,HK,Fylkir,1,5,11,0.00275
2025-08-28,2,HK,Fylkir,1,6,3,7.5e-4
2025-08-28,2,HK,Fylkir,1,7,1,2.5e-4
2025-08-28,2,HK,Fylkir,1,9,1,2.5e-4
2025-08-28,2,HK,Fylkir,2,0,332,0.083
2025-08-28,2,HK,Fylkir,2,1,315,0.07875
2025-08-28,2,HK,Fylkir,2,2,186,0.0465
2025-08-28,2,HK,Fylkir,2,3,76,0.019
2025-08-28,2,HK,Fylkir,2,4,33,0.00825
2025-08-28,2,HK,Fylkir,2,5,21,0.00525
2025-08-28,2,HK,Fylkir,2,6,4,0.001
2025-08-28,2,HK,Fylkir,2,7,1,2.5e-4
2025-08-28,2,HK,Fylkir,2,9,1,2.5e-4
2025-08-28,2,HK,Fylkir,3,0,204,0.051
2025-08-28,2,HK,Fylkir,3,1,229,0.05725
2025-08-28,2,HK,Fylkir,3,2,143,0.03575
2025-08-28,2,HK,Fylkir,3,3,69,0.01725
2025-08-28,2,HK,Fylkir,3,4,30,0.0075
2025-08-28,2,HK,Fylkir,3,5,11,0.00275
2025-08-28,2,HK,Fylkir,3,7,1,2.5e-4
2025-08-28,2,HK,Fylkir,4,0,118,0.0295
2025-08-28,2,HK,Fylkir,4,1,123,0.03075
2025-08-28,2,HK,Fylkir,4,2,78,0.0195
2025-08-28,2,HK,Fylkir,4,3,40,0.01
2025-08-28,2,HK,Fylkir,4,4,13,0.00325
2025-08-28,2,HK,Fylkir,4,5,8,0.002
2025-08-28,2,HK,Fylkir,4,6,2,5e-4
2025-08-28,2,HK,Fylkir,4,7,1,2.5e-4
2025-08-28,2,HK,Fylkir,5,0,63,0.01575
2025-08-28,2,HK,Fylkir,5,1,56,0.014
2025-08-28,2,HK,Fylkir,5,2,37,0.00925
2025-08-28,2,HK,Fylkir,5,3,17,0.00425
2025-08-28,2,HK,Fylkir,5,4,5,0.00125
2025-08-28,2,HK,Fylkir,5,5,3,7.5e-4
2025-08-28,2,HK,Fylkir,6,0,26,0.0065
2025-08-28,2,HK,Fylkir,6,1,29,0.00725
2025-08-28,2,HK,Fylkir,6,2,19,0.00475
2025-08-28,2,HK,Fylkir,6,3,8,0.002
2025-08-28,2,HK,Fylkir,6,4,1,2.5e-4
2025-08-28,2,HK,Fylkir,6,5,2,5e-4
2025-08-28,2,HK,Fylkir,6,6,1,2.5e-4
2025-08-28,2,HK,Fylkir,6,7,1,2.5e-4
2025-08-28,2,HK,Fylkir,7,0,4,0.001
2025-08-28,2,HK,Fylkir,7,1,12,0.003
2025-08-28,2,HK,Fylkir,7,2,8,0.002
2025-08-28,2,HK,Fylkir,7,3,1,2.5e-4
2025-08-28,2,HK,Fylkir,7,4,2,5e-4
2025-08-28,2,HK,Fylkir,7,5,2,5e-4
2025-08-28,2,HK,Fylkir,8,0,8,0.002
2025-08-28,2,HK,Fylkir,8,1,3,7.5e-4
2025-08-28,2,HK,Fylkir,8,3,1,2.5e-4
2025-08-28,2,HK,Fylkir,8,4,1,2.5e-4
2025-08-28,2,HK,Fylkir,8,9,1,2.5e-4
2025-08-28,2,HK,Fylkir,9,0,1,2.5e-4
2025-08-28,2,HK,Fylkir,9,1,1,2.5e-4
2025-08-28,2,HK,Fylkir,9,2,1,2.5e-4
2025-08-28,2,HK,Fylkir,9,4,1,2.5e-4
2025-08-28,2,HK,Fylkir,10,0,1,2.5e-4
2025-08-28,2,HK,Fylkir,10,2,1,2.5e-4
2025-08-28,2,HK,Fylkir,10,3,1,2.5e-4
2025-08-28,2,KR,Haukar,0,0,20,0.005
2025-08-28,2,KR,Haukar,0,1,16,0.004
2025-08-28,2,KR,Haukar,0,2,13,0.00325
2025-08-28,2,KR,Haukar,0,3,11,0.00275
2025-08-28,2,KR,Haukar,0,4,14,0.0035
2025-08-28,2,KR,Haukar,0,5,4,0.001
2025-08-28,2,KR,Haukar,0,6,1,2.5e-4
2025-08-28,2,KR,Haukar,0,7,1,2.5e-4
2025-08-28,2,KR,Haukar,1,0,38,0.0095
2025-08-28,2,KR,Haukar,1,1,68,0.017
2025-08-28,2,KR,Haukar,1,2,57,0.01425
2025-08-28,2,KR,Haukar,1,3,46,0.0115
2025-08-28,2,KR,Haukar,1,4,21,0.00525
2025-08-28,2,KR,Haukar,1,5,9,0.00225
2025-08-28,2,KR,Haukar,1,6,7,0.00175
2025-08-28,2,KR,Haukar,1,8,1,2.5e-4
2025-08-28,2,KR,Haukar,2,0,69,0.01725
2025-08-28,2,KR,Haukar,2,1,99,0.02475
2025-08-28,2,KR,Haukar,2,2,113,0.02825
2025-08-28,2,KR,Haukar,2,3,90,0.0225
2025-08-28,2,KR,Haukar,2,4,56,0.014
2025-08-28,2,KR,Haukar,2,5,23,0.00575
2025-08-28,2,KR,Haukar,2,6,13,0.00325
2025-08-28,2,KR,Haukar,2,7,8,0.002
2025-08-28,2,KR,Haukar,2,8,3,7.5e-4
2025-08-28,2,KR,Haukar,2,10,1,2.5e-4
2025-08-28,2,KR,Haukar,2,13,1,2.5e-4
2025-08-28,2,KR,Haukar,3,0,76,0.019
2025-08-28,2,KR,Haukar,3,1,132,0.033
2025-08-28,2,KR,Haukar,3,2,166,0.0415
2025-08-28,2,KR,Haukar,3,3,130,0.0325
2025-08-28,2,KR,Haukar,3,4,48,0.012
2025-08-28,2,KR,Haukar,3,5,39,0.00975
2025-08-28,2,KR,Haukar,3,6,17,0.00425
2025-08-28,2,KR,Haukar,3,7,10,0.0025
2025-08-28,2,KR,Haukar,3,8,5,0.00125
2025-08-28,2,KR,Haukar,3,9,3,7.5e-4
2025-08-28,2,KR,Haukar,4,0,75,0.01875
2025-08-28,2,KR,Haukar,4,1,165,0.04125
2025-08-28,2,KR,Haukar,4,2,169,0.04225
2025-08-28,2,KR,Haukar,4,3,128,0.032
2025-08-28,2,KR,Haukar,4,4,95,0.02375
2025-08-28,2,KR,Haukar,4,5,49,0.01225
2025-08-28,2,KR,Haukar,4,6,13,0.00325
2025-08-28,2,KR,Haukar,4,7,6,0.0015
2025-08-28,2,KR,Haukar,4,8,4,0.001
2025-08-28,2,KR,Haukar,4,9,1,2.5e-4
2025-08-28,2,KR,Haukar,4,10,1,2.5e-4
2025-08-28,2,KR,Haukar,5,0,70,0.0175
2025-08-28,2,KR,Haukar,5,1,132,0.033
2025-08-28,2,KR,Haukar,5,2,131,0.03275
2025-08-28,2,KR,Haukar,5,3,93,0.02325
2025-08-28,2,KR,Haukar,5,4,72,0.018
2025-08-28,2,KR,Haukar,5,5,42,0.0105
2025-08-28,2,KR,Haukar,5,6,15,0.00375
2025-08-28,2,KR,Haukar,5,7,11,0.00275
2025-08-28,2,KR,Haukar,5,8,3,7.5e-4
2025-08-28,2,KR,Haukar,5,9,1,2.5e-4
2025-08-28,2,KR,Haukar,5,11,2,5e-4
2025-08-28,2,KR,Haukar,6,0,55,0.01375
2025-08-28,2,KR,Haukar,6,1,98,0.0245
2025-08-28,2,KR,Haukar,6,2,89,0.02225
2025-08-28,2,KR,Haukar,6,3,79,0.01975
2025-08-28,2,KR,Haukar,6,4,42,0.0105
2025-08-28,2,KR,Haukar,6,5,26,0.0065
2025-08-28,2,KR,Haukar,6,6,9,0.00225
2025-08-28,2,KR,Haukar,6,7,4,0.001
2025-08-28,2,KR,Haukar,6,8,6,0.0015
2025-08-28,2,KR,Haukar,6,9,1,2.5e-4
2025-08-28,2,KR,Haukar,7,0,41,0.01025
2025-08-28,2,KR,Haukar,7,1,74,0.0185
2025-08-28,2,KR,Haukar,7,2,82,0.0205
2025-08-28,2,KR,Haukar,7,3,66,0.0165
2025-08-28,2,KR,Haukar,7,4,32,0.008
2025-08-28,2,KR,Haukar,7,5,19,0.00475
2025-08-28,2,KR,Haukar,7,6,10,0.0025
2025-08-28,2,KR,Haukar,7,7,7,0.00175
2025-08-28,2,KR,Haukar,7,8,1,2.5e-4
2025-08-28,2,KR,Haukar,7,9,3,7.5e-4
2025-08-28,2,KR,Haukar,8,0,30,0.0075
2025-08-28,2,KR,Haukar,8,1,50,0.0125
2025-08-28,2,KR,Haukar,8,2,50,0.0125
2025-08-28,2,KR,Haukar,8,3,38,0.0095
2025-08-28,2,KR,Haukar,8,4,18,0.0045
2025-08-28,2,KR,Haukar,8,5,16,0.004
2025-08-28,2,KR,Haukar,8,6,6,0.0015
2025-08-28,2,KR,Haukar,8,7,3,7.5e-4
2025-08-28,2,KR,Haukar,8,9,1,2.5e-4
2025-08-28,2,KR,Haukar,9,0,15,0.00375
2025-08-28,2,KR,Haukar,9,1,36,0.009
2025-08-28,2,KR,Haukar,9,2,40,0.01
2025-08-28,2,KR,Haukar,9,3,26,0.0065
2025-08-28,2,KR,Haukar,9,4,14,0.0035
2025-08-28,2,KR,Haukar,9,5,8,0.002
2025-08-28,2,KR,Haukar,9,6,2,5e-4
2025-08-28,2,KR,Haukar,9,8,1,2.5e-4
2025-08-28,2,KR,Haukar,9,9,2,5e-4
2025-08-28,2,KR,Haukar,10,0,10,0.0025
2025-08-28,2,KR,Haukar,10,1,21,0.00525
2025-08-28,2,KR,Haukar,10,2,16,0.004
2025-08-28,2,KR,Haukar,10,3,16,0.004
2025-08-28,2,KR,Haukar,10,4,11,0.00275
2025-08-28,2,KR,Haukar,10,5,5,0.00125
2025-08-28,2,KR,Haukar,10,6,1,2.5e-4
2025-08-28,2,KR,Haukar,10,7,1,2.5e-4
2025-08-28,2,KR,Haukar,11,0,9,0.00225
2025-08-28,2,KR,Haukar,11,1,15,0.00375
2025-08-28,2,KR,Haukar,11,2,10,0.0025
2025-08-28,2,KR,Haukar,11,3,6,0.0015
2025-08-28,2,KR,Haukar,11,4,6,0.0015
2025-08-28,2,KR,Haukar,11,5,2,5e-4
2025-08-28,2,KR,Haukar,11,6,2,5e-4
2025-08-28,2,KR,Haukar,11,7,1,2.5e-4
2025-08-28,2,KR,Haukar,12,0,6,0.0015
2025-08-28,2,KR,Haukar,12,1,6,0.0015
2025-08-28,2,KR,Haukar,12,2,6,0.0015
2025-08-28,2,KR,Haukar,12,3,5,0.00125
2025-08-28,2,KR,Haukar,12,4,5,0.00125
2025-08-28,2,KR,Haukar,12,6,1,2.5e-4
2025-08-28,2,KR,Haukar,13,0,2,5e-4
2025-08-28,2,KR,Haukar,13,1,5,0.00125
2025-08-28,2,KR,Haukar,13,2,5,0.00125
2025-08-28,2,KR,Haukar,13,3,5,0.00125
2025-08-28,2,KR,Haukar,13,5,1,2.5e-4
2025-08-28,2,KR,Haukar,14,0,1,2.5e-4
2025-08-28,2,KR,Haukar,14,1,3,7.5e-4
2025-08-28,2,KR,Haukar,14,2,1,2.5e-4
2025-08-28,2,KR,Haukar,14,3,1,2.5e-4
2025-08-28,2,KR,Haukar,14,4,1,2.5e-4
2025-08-28,2,KR,Haukar,15,1,1,2.5e-4
2025-08-28,2,KR,Haukar,15,3,1,2.5e-4
2025-08-28,2,KR,Haukar,16,1,1,2.5e-4
2025-08-28,2,KR,Haukar,16,2,2,5e-4
2025-08-28,2,KR,Haukar,16,7,1,2.5e-4
2025-08-28,2,KR,Haukar,17,2,1,2.5e-4
2025-08-28,2,ÍBV,ÍA,0,0,144,0.036
2025-08-28,2,ÍBV,ÍA,0,1,169,0.04225
2025-08-28,2,ÍBV,ÍA,0,2,104,0.026
2025-08-28,2,ÍBV,ÍA,0,3,62,0.0155
2025-08-28,2,ÍBV,ÍA,0,4,16,0.004
2025-08-28,2,ÍBV,ÍA,0,5,10,0.0025
2025-08-28,2,ÍBV,ÍA,0,6,3,7.5e-4
2025-08-28,2,ÍBV,ÍA,1,0,194,0.0485
2025-08-28,2,ÍBV,ÍA,1,1,297,0.07425
2025-08-28,2,ÍBV,ÍA,1,2,202,0.0505
2025-08-28,2,ÍBV,ÍA,1,3,94,0.0235
2025-08-28,2,ÍBV,ÍA,1,4,40,0.01
2025-08-28,2,ÍBV,ÍA,1,5,22,0.0055
2025-08-28,2,ÍBV,ÍA,1,6,5,0.00125
2025-08-28,2,ÍBV,ÍA,1,7,1,2.5e-4
2025-08-28,2,ÍBV,ÍA,2,0,243,0.06075
2025-08-28,2,ÍBV,ÍA,2,1,293,0.07325
2025-08-28,2,ÍBV,ÍA,2,2,235,0.05875
2025-08-28,2,ÍBV,ÍA,2,3,113,0.02825
2025-08-28,2,ÍBV,ÍA,2,4,53,0.01325
2025-08-28,2,ÍBV,ÍA,2,5,16,0.004
2025-08-28,2,ÍBV,ÍA,2,6,4,0.001
2025-08-28,2,ÍBV,ÍA,2,7,4,0.001
2025-08-28,2,ÍBV,ÍA,2,8,1,2.5e-4
2025-08-28,2,ÍBV,ÍA,3,0,178,0.0445
2025-08-28,2,ÍBV,ÍA,3,1,224,0.056
2025-08-28,2,ÍBV,ÍA,3,2,153,0.03825
2025-08-28,2,ÍBV,ÍA,3,3,75,0.01875
2025-08-28,2,ÍBV,ÍA,3,4,43,0.01075
2025-08-28,2,ÍBV,ÍA,3,5,10,0.0025
2025-08-28,2,ÍBV,ÍA,3,6,11,0.00275
2025-08-28,2,ÍBV,ÍA,3,7,2,5e-4
2025-08-28,2,ÍBV,ÍA,4,0,101,0.02525
2025-08-28,2,ÍBV,ÍA,4,1,152,0.038
2025-08-28,2,ÍBV,ÍA,4,2,105,0.02625
2025-08-28,2,ÍBV,ÍA,4,3,49,0.01225
2025-08-28,2,ÍBV,ÍA,4,4,28,0.007
2025-08-28,2,ÍBV,ÍA,4,5,11,0.00275
2025-08-28,2,ÍBV,ÍA,4,6,3,7.5e-4
2025-08-28,2,ÍBV,ÍA,4,7,1,2.5e-4
2025-08-28,2,ÍBV,ÍA,5,0,69,0.01725
2025-08-28,2,ÍBV,ÍA,5,1,63,0.01575
2025-08-28,2,ÍBV,ÍA,5,2,56,0.014
2025-08-28,2,ÍBV,ÍA,5,3,36,0.009
2025-08-28,2,ÍBV,ÍA,5,4,16,0.004
2025-08-28,2,ÍBV,ÍA,5,5,6,0.0015
2025-08-28,2,ÍBV,ÍA,5,6,3,7.5e-4
2025-08-28,2,ÍBV,ÍA,5,7,2,5e-4
2025-08-28,2,ÍBV,ÍA,6,0,48,0.012
2025-08-28,2,ÍBV,ÍA,6,1,43,0.01075
2025-08-28,2,ÍBV,ÍA,6,2,31,0.00775
2025-08-28,2,ÍBV,ÍA,6,3,13,0.00325
2025-08-28,2,ÍBV,ÍA,6,4,7,0.00175
2025-08-28,2,ÍBV,ÍA,7,0,25,0.00625
2025-08-28,2,ÍBV,ÍA,7,1,27,0.00675
2025-08-28,2,ÍBV,ÍA,7,2,15,0.00375
2025-08-28,2,ÍBV,ÍA,7,3,10,0.0025
2025-08-28,2,ÍBV,ÍA,7,4,3,7.5e-4
2025-08-28,2,ÍBV,ÍA,7,5,2,5e-4
2025-08-28,2,ÍBV,ÍA,7,6,1,2.5e-4
2025-08-28,2,ÍBV,ÍA,8,0,4,0.001
2025-08-28,2,ÍBV,ÍA,8,1,10,0.0025
2025-08-28,2,ÍBV,ÍA,8,2,10,0.0025
2025-08-28,2,ÍBV,ÍA,8,3,7,0.00175
2025-08-28,2,ÍBV,ÍA,8,4,2,5e-4
2025-08-28,2,ÍBV,ÍA,8,5,1,2.5e-4
2025-08-28,2,ÍBV,ÍA,9,0,4,0.001
2025-08-28,2,ÍBV,ÍA,9,1,2,5e-4
2025-08-28,2,ÍBV,ÍA,9,2,1,2.5e-4
2025-08-28,2,ÍBV,ÍA,9,3,1,2.5e-4
2025-08-28,2,ÍBV,ÍA,9,5,1,2.5e-4
2025-08-28,2,ÍBV,ÍA,10,0,2,5e-4
2025-08-28,2,ÍBV,ÍA,10,1,1,2.5e-4
2025-08-28,2,ÍBV,ÍA,10,2,2,5e-4
2025-08-28,2,ÍBV,ÍA,10,3,1,2.5e-4
2025-08-28,2,ÍBV,ÍA,11,0,1,2.5e-4
2025-08-28,2,ÍBV,ÍA,13,1,2,5e-4
2025-08-28,2,ÍBV,ÍA,13,2,1,2.5e-4
2025-08-30,1,FHL,Stjarnan,0,0,235,0.05875
2025-08-30,1,FHL,Stjarnan,0,1,395,0.09875
2025-08-30,1,FHL,Stjarnan,0,2,370,0.0925
2025-08-30,1,FHL,Stjarnan,0,3,268,0.067
2025-08-30,1,FHL,Stjarnan,0,4,191,0.04775
2025-08-30,1,FHL,Stjarnan,0,5,80,0.02
2025-08-30,1,FHL,Stjarnan,0,6,38,0.0095
2025-08-30,1,FHL,Stjarnan,0,7,15,0.00375
2025-08-30,1,FHL,Stjarnan,0,8,7,0.00175
2025-08-30,1,FHL,Stjarnan,0,9,3,7.5e-4
2025-08-30,1,FHL,Stjarnan,0,10,1,2.5e-4
2025-08-30,1,FHL,Stjarnan,1,0,181,0.04525
2025-08-30,1,FHL,Stjarnan,1,1,296,0.074
2025-08-30,1,FHL,Stjarnan,1,2,305,0.07625
2025-08-30,1,FHL,Stjarnan,1,3,268,0.067
2025-08-30,1,FHL,Stjarnan,1,4,163,0.04075
2025-08-30,1,FHL,Stjarnan,1,5,71,0.01775
2025-08-30,1,FHL,Stjarnan,1,6,44,0.011
2025-08-30,1,FHL,Stjarnan,1,7,16,0.004
2025-08-30,1,FHL,Stjarnan,1,8,4,0.001
2025-08-30,1,FHL,Stjarnan,1,9,1,2.5e-4
2025-08-30,1,FHL,Stjarnan,1,11,1,2.5e-4
2025-08-30,1,FHL,Stjarnan,2,0,88,0.022
2025-08-30,1,FHL,Stjarnan,2,1,151,0.03775
2025-08-30,1,FHL,Stjarnan,2,2,170,0.0425
2025-08-30,1,FHL,Stjarnan,2,3,140,0.035
2025-08-30,1,FHL,Stjarnan,2,4,81,0.02025
2025-08-30,1,FHL,Stjarnan,2,5,28,0.007
2025-08-30,1,FHL,Stjarnan,2,6,13,0.00325
2025-08-30,1,FHL,Stjarnan,2,7,7,0.00175
2025-08-30,1,FHL,Stjarnan,2,9,1,2.5e-4
2025-08-30,1,FHL,Stjarnan,2,10,1,2.5e-4
2025-08-30,1,FHL,Stjarnan,2,11,1,2.5e-4
2025-08-30,1,FHL,Stjarnan,3,0,27,0.00675
2025-08-30,1,FHL,Stjarnan,3,1,71,0.01775
2025-08-30,1,FHL,Stjarnan,3,2,63,0.01575
2025-08-30,1,FHL,Stjarnan,3,3,47,0.01175
2025-08-30,1,FHL,Stjarnan,3,4,29,0.00725
2025-08-30,1,FHL,Stjarnan,3,5,17,0.00425
2025-08-30,1,FHL,Stjarnan,3,6,5,0.00125
2025-08-30,1,FHL,Stjarnan,3,7,2,5e-4
2025-08-30,1,FHL,Stjarnan,4,0,7,0.00175
2025-08-30,1,FHL,Stjarnan,4,1,16,0.004
2025-08-30,1,FHL,Stjarnan,4,2,21,0.00525
2025-08-30,1,FHL,Stjarnan,4,3,20,0.005
2025-08-30,1,FHL,Stjarnan,4,4,5,0.00125
2025-08-30,1,FHL,Stjarnan,4,5,3,7.5e-4
2025-08-30,1,FHL,Stjarnan,4,6,3,7.5e-4
2025-08-30,1,FHL,Stjarnan,5,0,2,5e-4
2025-08-30,1,FHL,Stjarnan,5,1,3,7.5e-4
2025-08-30,1,FHL,Stjarnan,5,2,10,0.0025
2025-08-30,1,FHL,Stjarnan,5,3,3,7.5e-4
2025-08-30,1,FHL,Stjarnan,5,4,3,7.5e-4
2025-08-30,1,FHL,Stjarnan,5,5,1,2.5e-4
2025-08-30,1,FHL,Stjarnan,5,6,1,2.5e-4
2025-08-30,1,FHL,Stjarnan,6,0,1,2.5e-4
2025-08-30,1,FHL,Stjarnan,6,1,1,2.5e-4
2025-08-30,1,FHL,Stjarnan,6,2,1,2.5e-4
2025-08-30,1,FHL,Stjarnan,6,4,1,2.5e-4
2025-08-30,1,FHL,Stjarnan,7,2,1,2.5e-4
2025-08-30,1,FHL,Stjarnan,7,3,1,2.5e-4
2025-08-30,1,FHL,Stjarnan,7,5,1,2.5e-4
2025-08-30,1,Þór/KA,Fram,0,0,77,0.01925
2025-08-30,1,Þór/KA,Fram,0,1,59,0.01475
2025-08-30,1,Þór/KA,Fram,0,2,26,0.0065
2025-08-30,1,Þór/KA,Fram,0,3,15,0.00375
2025-08-30,1,Þór/KA,Fram,0,4,3,7.5e-4
2025-08-30,1,Þór/KA,Fram,0,5,2,5e-4
2025-08-30,1,Þór/KA,Fram,0,6,1,2.5e-4
2025-08-30,1,Þór/KA,Fram,1,0,172,0.043
2025-08-30,1,Þór/KA,Fram,1,1,181,0.04525
2025-08-30,1,Þór/KA,Fram,1,2,73,0.01825
2025-08-30,1,Þór/KA,Fram,1,3,29,0.00725
2025-08-30,1,Þór/KA,Fram,1,4,9,0.00225
2025-08-30,1,Þór/KA,Fram,1,5,3,7.5e-4
2025-08-30,1,Þór/KA,Fram,1,6,1,2.5e-4
2025-08-30,1,Þór/KA,Fram,1,8,1,2.5e-4
2025-08-30,1,Þór/KA,Fram,2,0,277,0.06925
2025-08-30,1,Þór/KA,Fram,2,1,248,0.062
2025-08-30,1,Þór/KA,Fram,2,2,91,0.02275
2025-08-30,1,Þór/KA,Fram,2,3,36,0.009
2025-08-30,1,Þór/KA,Fram,2,4,13,0.00325
2025-08-30,1,Þór/KA,Fram,2,5,3,7.5e-4
2025-08-30,1,Þór/KA,Fram,2,6,1,2.5e-4
2025-08-30,1,Þór/KA,Fram,3,0,283,0.07075
2025-08-30,1,Þór/KA,Fram,3,1,280,0.07
2025-08-30,1,Þór/KA,Fram,3,2,131,0.03275
2025-08-30,1,Þór/KA,Fram,3,3,61,0.01525
2025-08-30,1,Þór/KA,Fram,3,4,19,0.00475
2025-08-30,1,Þór/KA,Fram,3,5,5,0.00125
2025-08-30,1,Þór/KA,Fram,3,6,3,7.5e-4
2025-08-30,1,Þór/KA,Fram,4,0,254,0.0635
2025-08-30,1,Þór/KA,Fram,4,1,206,0.0515
2025-08-30,1,Þór/KA,Fram,4,2,125,0.03125
2025-08-30,1,Þór/KA,Fram,4,3,43,0.01075
2025-08-30,1,Þór/KA,Fram,4,4,15,0.00375
2025-08-30,1,Þór/KA,Fram,4,5,4,0.001
2025-08-30,1,Þór/KA,Fram,5,0,201,0.05025
2025-08-30,1,Þór/KA,Fram,5,1,162,0.0405
2025-08-30,1,Þór/KA,Fram,5,2,84,0.021
2025-08-30,1,Þór/KA,Fram,5,3,43,0.01075
2025-08-30,1,Þór/KA,Fram,5,4,13,0.00325
2025-08-30,1,Þór/KA,Fram,5,5,1,2.5e-4
2025-08-30,1,Þór/KA,Fram,5,6,1,2.5e-4
2025-08-30,1,Þór/KA,Fram,6,0,115,0.02875
2025-08-30,1,Þór/KA,Fram,6,1,114,0.0285
2025-08-30,1,Þór/KA,Fram,6,2,62,0.0155
2025-08-30,1,Þór/KA,Fram,6,3,21,0.00525
2025-08-30,1,Þór/KA,Fram,6,4,9,0.00225
2025-08-30,1,Þór/KA,Fram,6,5,3,7.5e-4
2025-08-30,1,Þór/KA,Fram,7,0,68,0.017
2025-08-30,1,Þór/KA,Fram,7,1,60,0.015
2025-08-30,1,Þór/KA,Fram,7,2,27,0.00675
2025-08-30,1,Þór/KA,Fram,7,3,14,0.0035
2025-08-30,1,Þór/KA,Fram,7,4,5,0.00125
2025-08-30,1,Þór/KA,Fram,7,5,1,2.5e-4
2025-08-30,1,Þór/KA,Fram,8,0,27,0.00675
2025-08-30,1,Þór/KA,Fram,8,1,46,0.0115
2025-08-30,1,Þór/KA,Fram,8,2,15,0.00375
2025-08-30,1,Þór/KA,Fram,8,3,10,0.0025
2025-08-30,1,Þór/KA,Fram,8,4,2,5e-4
2025-08-30,1,Þór/KA,Fram,9,0,23,0.00575
2025-08-30,1,Þór/KA,Fram,9,1,29,0.00725
2025-08-30,1,Þór/KA,Fram,9,2,12,0.003
2025-08-30,1,Þór/KA,Fram,9,3,5,0.00125
2025-08-30,1,Þór/KA,Fram,9,4,2,5e-4
2025-08-30,1,Þór/KA,Fram,9,5,1,2.5e-4
2025-08-30,1,Þór/KA,Fram,10,0,10,0.0025
2025-08-30,1,Þór/KA,Fram,10,1,15,0.00375
2025-08-30,1,Þór/KA,Fram,10,2,5,0.00125
2025-08-30,1,Þór/KA,Fram,10,3,1,2.5e-4
2025-08-30,1,Þór/KA,Fram,10,4,2,5e-4
2025-08-30,1,Þór/KA,Fram,11,0,5,0.00125
2025-08-30,1,Þór/KA,Fram,11,1,3,7.5e-4
2025-08-30,1,Þór/KA,Fram,11,2,8,0.002
2025-08-30,1,Þór/KA,Fram,12,0,4,0.001
2025-08-30,1,Þór/KA,Fram,12,1,1,2.5e-4
2025-08-30,1,Þór/KA,Fram,12,2,3,7.5e-4
2025-08-30,1,Þór/KA,Fram,12,3,2,5e-4
2025-08-30,1,Þór/KA,Fram,13,0,4,0.001
2025-08-30,1,Þór/KA,Fram,13,1,3,7.5e-4
2025-08-30,1,Þór/KA,Fram,13,2,3,7.5e-4
2025-08-30,1,Þór/KA,Fram,14,2,1,2.5e-4
2025-08-30,1,Þór/KA,Fram,15,0,2,5e-4
2025-08-30,1,Þór/KA,Fram,16,1,1,2.5e-4
2025-08-30,1,Þór/KA,Fram,18,0,1,2.5e-4
2025-08-30,2,Keflavík,Grindavík/ Njarðvík,0,0,52,0.013
2025-08-30,2,Keflavík,Grindavík/ Njarðvík,0,1,30,0.0075
2025-08-30,2,Keflavík,Grindavík/ Njarðvík,0,2,13,0.00325
2025-08-30,2,Keflavík,Grindavík/ Njarðvík,0,3,2,5e-4
2025-08-30,2,Keflavík,Grindavík/ Njarðvík,0,4,1,2.5e-4
2025-08-30,2,Keflavík,Grindavík/ Njarðvík,1,0,148,0.037
2025-08-30,2,Keflavík,Grindavík/ Njarðvík,1,1,122,0.0305
2025-08-30,2,Keflavík,Grindavík/ Njarðvík,1,2,53,0.01325
2025-08-30,2,Keflavík,Grindavík/ Njarðvík,1,3,13,0.00325
2025-08-30,2,Keflavík,Grindavík/ Njarðvík,1,4,5,0.00125
2025-08-30,2,Keflavík,Grindavík/ Njarðvík,1,5,2,5e-4
2025-08-30,2,Keflavík,Grindavík/ Njarðvík,1,6,1,2.5e-4
2025-08-30,2,Keflavík,Grindavík/ Njarðvík,2,0,229,0.05725
2025-08-30,2,Keflavík,Grindavík/ Njarðvík,2,1,167,0.04175
2025-08-30,2,Keflavík,Grindavík/ Njarðvík,2,2,72,0.018
2025-08-30,2,Keflavík,Grindavík/ Njarðvík,2,3,15,0.00375
2025-08-30,2,Keflavík,Grindavík/ Njarðvík,2,4,10,0.0025
2025-08-30,2,Keflavík,Grindavík/ Njarðvík,3,0,308,0.077
2025-08-30,2,Keflavík,Grindavík/ Njarðvík,3,1,228,0.057
2025-08-30,2,Keflavík,Grindavík/ Njarðvík,3,2,89,0.02225
2025-08-30,2,Keflavík,Grindavík/ Njarðvík,3,3,25,0.00625
2025-08-30,2,Keflavík,Grindavík/ Njarðvík,3,4,8,0.002
2025-08-30,2,Keflavík,Grindavík/ Njarðvík,3,5,3,7.5e-4
2025-08-30,2,Keflavík,Grindavík/ Njarðvík,4,0,274,0.0685
2025-08-30,2,Keflavík,Grindavík/ Njarðvík,4,1,194,0.0485
2025-08-30,2,Keflavík,Grindavík/ Njarðvík,4,2,97,0.02425
2025-08-30,2,Keflavík,Grindavík/ Njarðvík,4,3,34,0.0085
2025-08-30,2,Keflavík,Grindavík/ Njarðvík,4,4,5,0.00125
2025-08-30,2,Keflavík,Grindavík/ Njarðvík,4,5,1,2.5e-4
2025-08-30,2,Keflavík,Grindavík/ Njarðvík,5,0,259,0.06475
2025-08-30,2,Keflavík,Grindavík/ Njarðvík,5,1,172,0.043
2025-08-30,2,Keflavík,Grindavík/ Njarðvík,5,2,70,0.0175
2025-08-30,2,Keflavík,Grindavík/ Njarðvík,5,3,21,0.00525
2025-08-30,2,Keflavík,Grindavík/ Njarðvík,5,4,1,2.5e-4
2025-08-30,2,Keflavík,Grindavík/ Njarðvík,5,5,4,0.001
2025-08-30,2,Keflavík,Grindavík/ Njarðvík,6,0,179,0.04475
2025-08-30,2,Keflavík,Grindavík/ Njarðvík,6,1,134,0.0335
2025-08-30,2,Keflavík,Grindavík/ Njarðvík,6,2,61,0.01525
2025-08-30,2,Keflavík,Grindavík/ Njarðvík,6,3,18,0.0045
2025-08-30,2,Keflavík,Grindavík/ Njarðvík,6,4,5,0.00125
2025-08-30,2,Keflavík,Grindavík/ Njarðvík,6,5,1,2.5e-4
2025-08-30,2,Keflavík,Grindavík/ Njarðvík,7,0,151,0.03775
2025-08-30,2,Keflavík,Grindavík/ Njarðvík,7,1,109,0.02725
2025-08-30,2,Keflavík,Grindavík/ Njarðvík,7,2,35,0.00875
2025-08-30,2,Keflavík,Grindavík/ Njarðvík,7,3,11,0.00275
2025-08-30,2,Keflavík,Grindavík/ Njarðvík,7,4,3,7.5e-4
2025-08-30,2,Keflavík,Grindavík/ Njarðvík,7,5,1,2.5e-4
2025-08-30,2,Keflavík,Grindavík/ Njarðvík,7,6,1,2.5e-4
2025-08-30,2,Keflavík,Grindavík/ Njarðvík,8,0,91,0.02275
2025-08-30,2,Keflavík,Grindavík/ Njarðvík,8,1,70,0.0175
2025-08-30,2,Keflavík,Grindavík/ Njarðvík,8,2,33,0.00825
2025-08-30,2,Keflavík,Grindavík/ Njarðvík,8,3,7,0.00175
2025-08-30,2,Keflavík,Grindavík/ Njarðvík,8,4,2,5e-4
2025-08-30,2,Keflavík,Grindavík/ Njarðvík,9,0,69,0.01725
2025-08-30,2,Keflavík,Grindavík/ Njarðvík,9,1,46,0.0115
2025-08-30,2,Keflavík,Grindavík/ Njarðvík,9,2,20,0.005
2025-08-30,2,Keflavík,Grindavík/ Njarðvík,9,3,7,0.00175
2025-08-30,2,Keflavík,Grindavík/ Njarðvík,9,4,1,2.5e-4
2025-08-30,2,Keflavík,Grindavík/ Njarðvík,10,0,42,0.0105
2025-08-30,2,Keflavík,Grindavík/ Njarðvík,10,1,30,0.0075
2025-08-30,2,Keflavík,Grindavík/ Njarðvík,10,2,12,0.003
2025-08-30,2,Keflavík,Grindavík/ Njarðvík,10,3,2,5e-4
2025-08-30,2,Keflavík,Grindavík/ Njarðvík,10,5,1,2.5e-4
2025-08-30,2,Keflavík,Grindavík/ Njarðvík,11,0,24,0.006
2025-08-30,2,Keflavík,Grindavík/ Njarðvík,11,1,15,0.00375
2025-08-30,2,Keflavík,Grindavík/ Njarðvík,11,2,4,0.001
2025-08-30,2,Keflavík,Grindavík/ Njarðvík,11,3,1,2.5e-4
2025-08-30,2,Keflavík,Grindavík/ Njarðvík,11,4,1,2.5e-4
2025-08-30,2,Keflavík,Grindavík/ Njarðvík,12,0,18,0.0045
2025-08-30,2,Keflavík,Grindavík/ Njarðvík,12,1,8,0.002
2025-08-30,2,Keflavík,Grindavík/ Njarðvík,12,2,4,0.001
2025-08-30,2,Keflavík,Grindavík/ Njarðvík,12,3,2,5e-4
2025-08-30,2,Keflavík,Grindavík/ Njarðvík,13,0,13,0.00325
2025-08-30,2,Keflavík,Grindavík/ Njarðvík,13,1,7,0.00175
2025-08-30,2,Keflavík,Grindavík/ Njarðvík,13,2,3,7.5e-4
2025-08-30,2,Keflavík,Grindavík/ Njarðvík,13,3,1,2.5e-4
2025-08-30,2,Keflavík,Grindavík/ Njarðvík,14,0,8,0.002
2025-08-30,2,Keflavík,Grindavík/ Njarðvík,14,1,4,0.001
2025-08-30,2,Keflavík,Grindavík/ Njarðvík,14,2,2,5e-4
2025-08-30,2,Keflavík,Grindavík/ Njarðvík,14,3,1,2.5e-4
2025-08-30,2,Keflavík,Grindavík/ Njarðvík,15,0,2,5e-4
2025-08-30,2,Keflavík,Grindavík/ Njarðvík,15,1,1,2.5e-4
2025-08-30,2,Keflavík,Grindavík/ Njarðvík,16,0,2,5e-4
2025-08-30,2,Keflavík,Grindavík/ Njarðvík,16,1,2,5e-4
2025-08-30,2,Keflavík,Grindavík/ Njarðvík,16,2,1,2.5e-4
2025-08-30,2,Keflavík,Grindavík/ Njarðvík,17,0,2,5e-4
2025-08-30,2,Keflavík,Grindavík/ Njarðvík,17,1,2,5e-4
2025-08-30,2,Keflavík,Grindavík/ Njarðvík,17,3,1,2.5e-4
2025-08-30,2,Keflavík,Grindavík/ Njarðvík,18,1,1,2.5e-4
2025-09-04,1,Breiðablik,FH,0,0,70,0.0175
2025-09-04,1,Breiðablik,FH,0,1,87,0.02175
2025-09-04,1,Breiðablik,FH,0,2,57,0.01425
2025-09-04,1,Breiðablik,FH,0,3,13,0.00325
2025-09-04,1,Breiðablik,FH,0,4,4,0.001
2025-09-04,1,Breiðablik,FH,0,5,2,5e-4
2025-09-04,1,Breiðablik,FH,1,0,250,0.0625
2025-09-04,1,Breiðablik,FH,1,1,221,0.05525
2025-09-04,1,Breiðablik,FH,1,2,110,0.0275
2025-09-04,1,Breiðablik,FH,1,3,43,0.01075
2025-09-04,1,Breiðablik,FH,1,4,7,0.00175
2025-09-04,1,Breiðablik,FH,1,5,5,0.00125
2025-09-04,1,Breiðablik,FH,1,6,1,2.5e-4
2025-09-04,1,Breiðablik,FH,2,0,318,0.0795
2025-09-04,1,Breiðablik,FH,2,1,259,0.06475
2025-09-04,1,Breiðablik,FH,2,2,144,0.036
2025-09-04,1,Breiðablik,FH,2,3,63,0.01575
2025-09-04,1,Breiðablik,FH,2,4,19,0.00475
2025-09-04,1,Breiðablik,FH,2,5,5,0.00125
2025-09-04,1,Breiðablik,FH,2,6,1,2.5e-4
2025-09-04,1,Breiðablik,FH,3,0,284,0.071
2025-09-04,1,Breiðablik,FH,3,1,288,0.072
2025-09-04,1,Breiðablik,FH,3,2,131,0.03275
2025-09-04,1,Breiðablik,FH,3,3,72,0.018
2025-09-04,1,Breiðablik,FH,3,4,22,0.0055
2025-09-04,1,Breiðablik,FH,3,5,7,0.00175
2025-09-04,1,Breiðablik,FH,3,6,1,2.5e-4
2025-09-04,1,Breiðablik,FH,4,0,213,0.05325
2025-09-04,1,Breiðablik,FH,4,1,218,0.0545
2025-09-04,1,Breiðablik,FH,4,2,120,0.03
2025-09-04,1,Breiðablik,FH,4,3,41,0.01025
2025-09-04,1,Breiðablik,FH,4,4,21,0.00525
2025-09-04,1,Breiðablik,FH,4,5,5,0.00125
2025-09-04,1,Breiðablik,FH,5,0,162,0.0405
2025-09-04,1,Breiðablik,FH,5,1,155,0.03875
2025-09-04,1,Breiðablik,FH,5,2,77,0.01925
2025-09-04,1,Breiðablik,FH,5,3,24,0.006
2025-09-04,1,Breiðablik,FH,5,4,15,0.00375
2025-09-04,1,Breiðablik,FH,5,5,4,0.001
2025-09-04,1,Breiðablik,FH,6,0,89,0.02225
2025-09-04,1,Breiðablik,FH,6,1,73,0.01825
2025-09-04,1,Breiðablik,FH,6,2,56,0.014
2025-09-04,1,Breiðablik,FH,6,3,21,0.00525
2025-09-04,1,Breiðablik,FH,6,4,9,0.00225
2025-09-04,1,Breiðablik,FH,6,5,2,5e-4
2025-09-04,1,Breiðablik,FH,7,0,40,0.01
2025-09-04,1,Breiðablik,FH,7,1,33,0.00825
2025-09-04,1,Breiðablik,FH,7,2,14,0.0035
2025-09-04,1,Breiðablik,FH,7,3,9,0.00225
2025-09-04,1,Breiðablik,FH,7,4,5,0.00125
2025-09-04,1,Breiðablik,FH,8,0,19,0.00475
2025-09-04,1,Breiðablik,FH,8,1,18,0.0045
2025-09-04,1,Breiðablik,FH,8,2,11,0.00275
2025-09-04,1,Breiðablik,FH,8,3,7,0.00175
2025-09-04,1,Breiðablik,FH,8,4,4,0.001
2025-09-04,1,Breiðablik,FH,8,5,1,2.5e-4
2025-09-04,1,Breiðablik,FH,8,6,1,2.5e-4
2025-09-04,1,Breiðablik,FH,9,0,11,0.00275
2025-09-04,1,Breiðablik,FH,9,1,15,0.00375
2025-09-04,1,Breiðablik,FH,9,2,3,7.5e-4
2025-09-04,1,Breiðablik,FH,9,3,3,7.5e-4
2025-09-04,1,Breiðablik,FH,9,4,1,2.5e-4
2025-09-04,1,Breiðablik,FH,10,0,6,0.0015
2025-09-04,1,Breiðablik,FH,10,1,3,7.5e-4
2025-09-04,1,Breiðablik,FH,10,5,1,2.5e-4
2025-09-04,1,Breiðablik,FH,11,0,2,5e-4
2025-09-04,1,Breiðablik,FH,11,1,2,5e-4
2025-09-04,1,Breiðablik,FH,11,2,1,2.5e-4
2025-09-04,1,Breiðablik,FH,12,1,1,2.5e-4
2025-09-04,1,Tindastóll,Fram,0,0,136,0.034
2025-09-04,1,Tindastóll,Fram,0,1,151,0.03775
2025-09-04,1,Tindastóll,Fram,0,2,103,0.02575
2025-09-04,1,Tindastóll,Fram,0,3,49,0.01225
2025-09-04,1,Tindastóll,Fram,0,4,21,0.00525
2025-09-04,1,Tindastóll,Fram,0,5,11,0.00275
2025-09-04,1,Tindastóll,Fram,1,0,248,0.062
2025-09-04,1,Tindastóll,Fram,1,1,364,0.091
2025-09-04,1,Tindastóll,Fram,1,2,215,0.05375
2025-09-04,1,Tindastóll,Fram,1,3,95,0.02375
2025-09-04,1,Tindastóll,Fram,1,4,35,0.00875
2025-09-04,1,Tindastóll,Fram,1,5,11,0.00275
2025-09-04,1,Tindastóll,Fram,1,6,2,5e-4
2025-09-04,1,Tindastóll,Fram,2,0,271,0.06775
2025-09-04,1,Tindastóll,Fram,2,1,312,0.078
2025-09-04,1,Tindastóll,Fram,2,2,228,0.057
2025-09-04,1,Tindastóll,Fram,2,3,110,0.0275
2025-09-04,1,Tindastóll,Fram,2,4,32,0.008
2025-09-04,1,Tindastóll,Fram,2,5,16,0.004
2025-09-04,1,Tindastóll,Fram,2,6,4,0.001
2025-09-04,1,Tindastóll,Fram,2,7,1,2.5e-4
2025-09-04,1,Tindastóll,Fram,3,0,191,0.04775
2025-09-04,1,Tindastóll,Fram,3,1,245,0.06125
2025-09-04,1,Tindastóll,Fram,3,2,156,0.039
2025-09-04,1,Tindastóll,Fram,3,3,73,0.01825
2025-09-04,1,Tindastóll,Fram,3,4,30,0.0075
2025-09-04,1,Tindastóll,Fram,3,5,9,0.00225
2025-09-04,1,Tindastóll,Fram,3,6,3,7.5e-4
2025-09-04,1,Tindastóll,Fram,3,7,2,5e-4
2025-09-04,1,Tindastóll,Fram,3,8,1,2.5e-4
2025-09-04,1,Tindastóll,Fram,4,0,118,0.0295
2025-09-04,1,Tindastóll,Fram,4,1,127,0.03175
2025-09-04,1,Tindastóll,Fram,4,2,116,0.029
2025-09-04,1,Tindastóll,Fram,4,3,63,0.01575
2025-09-04,1,Tindastóll,Fram,4,4,22,0.0055
2025-09-04,1,Tindastóll,Fram,4,5,3,7.5e-4
2025-09-04,1,Tindastóll,Fram,4,6,3,7.5e-4
2025-09-04,1,Tindastóll,Fram,5,0,66,0.0165
2025-09-04,1,Tindastóll,Fram,5,1,62,0.0155
2025-09-04,1,Tindastóll,Fram,5,2,59,0.01475
2025-09-04,1,Tindastóll,Fram,5,3,31,0.00775
2025-09-04,1,Tindastóll,Fram,5,4,7,0.00175
2025-09-04,1,Tindastóll,Fram,5,5,4,0.001
2025-09-04,1,Tindastóll,Fram,5,6,4,0.001
2025-09-04,1,Tindastóll,Fram,5,7,2,5e-4
2025-09-04,1,Tindastóll,Fram,6,0,28,0.007
2025-09-04,1,Tindastóll,Fram,6,1,34,0.0085
2025-09-04,1,Tindastóll,Fram,6,2,24,0.006
2025-09-04,1,Tindastóll,Fram,6,3,13,0.00325
2025-09-04,1,Tindastóll,Fram,6,4,5,0.00125
2025-09-04,1,Tindastóll,Fram,6,5,2,5e-4
2025-09-04,1,Tindastóll,Fram,6,6,2,5e-4
2025-09-04,1,Tindastóll,Fram,7,0,10,0.0025
2025-09-04,1,Tindastóll,Fram,7,1,16,0.004
2025-09-04,1,Tindastóll,Fram,7,2,13,0.00325
2025-09-04,1,Tindastóll,Fram,7,3,4,0.001
2025-09-04,1,Tindastóll,Fram,7,4,1,2.5e-4
2025-09-04,1,Tindastóll,Fram,7,5,5,0.00125
2025-09-04,1,Tindastóll,Fram,8,0,4,0.001
2025-09-04,1,Tindastóll,Fram,8,1,3,7.5e-4
2025-09-04,1,Tindastóll,Fram,8,2,3,7.5e-4
2025-09-04,1,Tindastóll,Fram,8,3,4,0.001
2025-09-04,1,Tindastóll,Fram,9,0,2,5e-4
2025-09-04,1,Tindastóll,Fram,9,1,4,0.001
2025-09-04,1,Tindastóll,Fram,9,2,3,7.5e-4
2025-09-04,1,Tindastóll,Fram,9,3,1,2.5e-4
2025-09-04,1,Tindastóll,Fram,10,0,1,2.5e-4
2025-09-04,1,Tindastóll,Fram,10,1,2,5e-4
2025-09-04,1,Tindastóll,Fram,10,2,1,2.5e-4
2025-09-04,1,Tindastóll,Fram,10,6,1,2.5e-4
2025-09-04,1,Tindastóll,Fram,13,0,1,2.5e-4
2025-09-04,1,Tindastóll,Fram,14,1,1,2.5e-4
2025-09-04,1,Víkingur R.,Valur,0,0,203,0.05075
2025-09-04,1,Víkingur R.,Valur,0,1,271,0.06775
2025-09-04,1,Víkingur R.,Valur,0,2,234,0.0585
2025-09-04,1,Víkingur R.,Valur,0,3,169,0.04225
2025-09-04,1,Víkingur R.,Valur,0,4,87,0.02175
2025-09-04,1,Víkingur R.,Valur,0,5,47,0.01175
2025-09-04,1,Víkingur R.,Valur,0,6,12,0.003
2025-09-04,1,Víkingur R.,Valur,0,7,8,0.002
2025-09-04,1,Víkingur R.,Valur,0,8,4,0.001
2025-09-04,1,Víkingur R.,Valur,0,9,1,2.5e-4
2025-09-04,1,Víkingur R.,Valur,0,10,2,5e-4
2025-09-04,1,Víkingur R.,Valur,1,0,182,0.0455
2025-09-04,1,Víkingur R.,Valur,1,1,328,0.082
2025-09-04,1,Víkingur R.,Valur,1,2,313,0.07825
2025-09-04,1,Víkingur R.,Valur,1,3,214,0.0535
2025-09-04,1,Víkingur R.,Valur,1,4,128,0.032
2025-09-04,1,Víkingur R.,Valur,1,5,39,0.00975
2025-09-04,1,Víkingur R.,Valur,1,6,21,0.00525
2025-09-04,1,Víkingur R.,Valur,1,7,6,0.0015
2025-09-04,1,Víkingur R.,Valur,1,8,4,0.001
2025-09-04,1,Víkingur R.,Valur,1,9,4,0.001
2025-09-04,1,Víkingur R.,Valur,1,11,1,2.5e-4
2025-09-04,1,Víkingur R.,Valur,2,0,136,0.034
2025-09-04,1,Víkingur R.,Valur,2,1,242,0.0605
2025-09-04,1,Víkingur R.,Valur,2,2,234,0.0585
2025-09-04,1,Víkingur R.,Valur,2,3,165,0.04125
2025-09-04,1,Víkingur R.,Valur,2,4,66,0.0165
2025-09-04,1,Víkingur R.,Valur,2,5,37,0.00925
2025-09-04,1,Víkingur R.,Valur,2,6,26,0.0065
2025-09-04,1,Víkingur R.,Valur,2,7,6,0.0015
2025-09-04,1,Víkingur R.,Valur,2,8,3,7.5e-4
2025-09-04,1,Víkingur R.,Valur,2,9,1,2.5e-4
2025-09-04,1,Víkingur R.,Valur,3,0,65,0.01625
2025-09-04,1,Víkingur R.,Valur,3,1,106,0.0265
2025-09-04,1,Víkingur R.,Valur,3,2,124,0.031
2025-09-04,1,Víkingur R.,Valur,3,3,92,0.023
2025-09-04,1,Víkingur R.,Valur,3,4,43,0.01075
2025-09-04,1,Víkingur R.,Valur,3,5,26,0.0065
2025-09-04,1,Víkingur R.,Valur,3,6,6,0.0015
2025-09-04,1,Víkingur R.,Valur,3,7,4,0.001
2025-09-04,1,Víkingur R.,Valur,3,8,3,7.5e-4
2025-09-04,1,Víkingur R.,Valur,4,0,27,0.00675
2025-09-04,1,Víkingur R.,Valur,4,1,50,0.0125
2025-09-04,1,Víkingur R.,Valur,4,2,52,0.013
2025-09-04,1,Víkingur R.,Valur,4,3,46,0.0115
2025-09-04,1,Víkingur R.,Valur,4,4,26,0.0065
2025-09-04,1,Víkingur R.,Valur,4,5,11,0.00275
2025-09-04,1,Víkingur R.,Valur,4,6,3,7.5e-4
2025-09-04,1,Víkingur R.,Valur,4,7,3,7.5e-4
2025-09-04,1,Víkingur R.,Valur,4,8,2,5e-4
2025-09-04,1,Víkingur R.,Valur,4,9,1,2.5e-4
2025-09-04,1,Víkingur R.,Valur,5,0,7,0.00175
2025-09-04,1,Víkingur R.,Valur,5,1,22,0.0055
2025-09-04,1,Víkingur R.,Valur,5,2,25,0.00625
2025-09-04,1,Víkingur R.,Valur,5,3,14,0.0035
2025-09-04,1,Víkingur R.,Valur,5,4,15,0.00375
2025-09-04,1,Víkingur R.,Valur,5,5,4,0.001
2025-09-04,1,Víkingur R.,Valur,5,6,2,5e-4
2025-09-04,1,Víkingur R.,Valur,5,7,1,2.5e-4
2025-09-04,1,Víkingur R.,Valur,5,8,1,2.5e-4
2025-09-04,1,Víkingur R.,Valur,5,9,1,2.5e-4
2025-09-04,1,Víkingur R.,Valur,6,1,1,2.5e-4
2025-09-04,1,Víkingur R.,Valur,6,2,1,2.5e-4
2025-09-04,1,Víkingur R.,Valur,6,3,8,0.002
2025-09-04,1,Víkingur R.,Valur,6,4,1,2.5e-4
2025-09-04,1,Víkingur R.,Valur,6,5,2,5e-4
2025-09-04,1,Víkingur R.,Valur,6,7,1,2.5e-4
2025-09-04,1,Víkingur R.,Valur,7,0,1,2.5e-4
2025-09-04,1,Víkingur R.,Valur,7,2,2,5e-4
2025-09-04,1,Víkingur R.,Valur,7,3,4,0.001
2025-09-04,1,Víkingur R.,Valur,7,4,1,2.5e-4
2025-09-04,1,Víkingur R.,Valur,7,7,1,2.5e-4
2025-09-04,1,Víkingur R.,Valur,9,8,1,2.5e-4
2025-09-04,2,Fylkir,ÍBV,0,0,158,0.0395
2025-09-04,2,Fylkir,ÍBV,0,1,240,0.06
2025-09-04,2,Fylkir,ÍBV,0,2,232,0.058
2025-09-04,2,Fylkir,ÍBV,0,3,142,0.0355
2025-09-04,2,Fylkir,ÍBV,0,4,85,0.02125
2025-09-04,2,Fylkir,ÍBV,0,5,47,0.01175
2025-09-04,2,Fylkir,ÍBV,0,6,19,0.00475
2025-09-04,2,Fylkir,ÍBV,0,7,4,0.001
2025-09-04,2,Fylkir,ÍBV,0,8,5,0.00125
2025-09-04,2,Fylkir,ÍBV,0,10,4,0.001
2025-09-04,2,Fylkir,ÍBV,0,11,1,2.5e-4
2025-09-04,2,Fylkir,ÍBV,1,0,169,0.04225
2025-09-04,2,Fylkir,ÍBV,1,1,316,0.079
2025-09-04,2,Fylkir,ÍBV,1,2,283,0.07075
2025-09-04,2,Fylkir,ÍBV,1,3,221,0.05525
2025-09-04,2,Fylkir,ÍBV,1,4,109,0.02725
2025-09-04,2,Fylkir,ÍBV,1,5,48,0.012
2025-09-04,2,Fylkir,ÍBV,1,6,21,0.00525
2025-09-04,2,Fylkir,ÍBV,1,7,12,0.003
2025-09-04,2,Fylkir,ÍBV,1,8,4,0.001
2025-09-04,2,Fylkir,ÍBV,1,9,2,5e-4
2025-09-04,2,Fylkir,ÍBV,1,11,3,7.5e-4
2025-09-04,2,Fylkir,ÍBV,2,0,120,0.03
2025-09-04,2,Fylkir,ÍBV,2,1,224,0.056
2025-09-04,2,Fylkir,ÍBV,2,2,226,0.0565
2025-09-04,2,Fylkir,ÍBV,2,3,174,0.0435
2025-09-04,2,Fylkir,ÍBV,2,4,101,0.02525
2025-09-04,2,Fylkir,ÍBV,2,5,46,0.0115
2025-09-04,2,Fylkir,ÍBV,2,6,15,0.00375
2025-09-04,2,Fylkir,ÍBV,2,7,14,0.0035
2025-09-04,2,Fylkir,ÍBV,2,8,4,0.001
2025-09-04,2,Fylkir,ÍBV,2,9,2,5e-4
2025-09-04,2,Fylkir,ÍBV,2,10,3,7.5e-4
2025-09-04,2,Fylkir,ÍBV,3,0,82,0.0205
2025-09-04,2,Fylkir,ÍBV,3,1,118,0.0295
2025-09-04,2,Fylkir,ÍBV,3,2,115,0.02875
2025-09-04,2,Fylkir,ÍBV,3,3,89,0.02225
2025-09-04,2,Fylkir,ÍBV,3,4,51,0.01275
2025-09-04,2,Fylkir,ÍBV,3,5,27,0.00675
2025-09-04,2,Fylkir,ÍBV,3,6,15,0.00375
2025-09-04,2,Fylkir,ÍBV,3,7,4,0.001
2025-09-04,2,Fylkir,ÍBV,3,8,4,0.001
2025-09-04,2,Fylkir,ÍBV,3,10,2,5e-4
2025-09-04,2,Fylkir,ÍBV,4,0,36,0.009
2025-09-04,2,Fylkir,ÍBV,4,1,69,0.01725
2025-09-04,2,Fylkir,ÍBV,4,2,52,0.013
2025-09-04,2,Fylkir,ÍBV,4,3,43,0.01075
2025-09-04,2,Fylkir,ÍBV,4,4,24,0.006
2025-09-04,2,Fylkir,ÍBV,4,5,20,0.005
2025-09-04,2,Fylkir,ÍBV,4,6,7,0.00175
2025-09-04,2,Fylkir,ÍBV,4,7,2,5e-4
2025-09-04,2,Fylkir,ÍBV,4,8,1,2.5e-4
2025-09-04,2,Fylkir,ÍBV,5,0,18,0.0045
2025-09-04,2,Fylkir,ÍBV,5,1,22,0.0055
2025-09-04,2,Fylkir,ÍBV,5,2,28,0.007
2025-09-04,2,Fylkir,ÍBV,5,3,21,0.00525
2025-09-04,2,Fylkir,ÍBV,5,4,14,0.0035
2025-09-04,2,Fylkir,ÍBV,5,5,9,0.00225
2025-09-04,2,Fylkir,ÍBV,5,6,3,7.5e-4
2025-09-04,2,Fylkir,ÍBV,6,0,6,0.0015
2025-09-04,2,Fylkir,ÍBV,6,1,7,0.00175
2025-09-04,2,Fylkir,ÍBV,6,2,20,0.005
2025-09-04,2,Fylkir,ÍBV,6,3,6,0.0015
2025-09-04,2,Fylkir,ÍBV,6,4,6,0.0015
2025-09-04,2,Fylkir,ÍBV,6,5,1,2.5e-4
2025-09-04,2,Fylkir,ÍBV,6,6,1,2.5e-4
2025-09-04,2,Fylkir,ÍBV,6,7,1,2.5e-4
2025-09-04,2,Fylkir,ÍBV,7,1,2,5e-4
2025-09-04,2,Fylkir,ÍBV,7,2,7,0.00175
2025-09-04,2,Fylkir,ÍBV,7,4,3,7.5e-4
2025-09-04,2,Fylkir,ÍBV,7,5,1,2.5e-4
2025-09-04,2,Fylkir,ÍBV,7,7,1,2.5e-4
2025-09-04,2,Fylkir,ÍBV,8,1,2,5e-4
2025-09-04,2,Fylkir,ÍBV,8,2,2,5e-4
2025-09-04,2,Fylkir,ÍBV,8,3,1,2.5e-4
2025-09-04,2,Fylkir,ÍBV,8,4,1,2.5e-4
2025-09-04,2,Fylkir,ÍBV,9,2,1,2.5e-4
2025-09-04,2,Fylkir,ÍBV,10,4,1,2.5e-4
2025-09-04,2,Grindavík/ Njarðvík,HK,0,0,70,0.0175
2025-09-04,2,Grindavík/ Njarðvík,HK,0,1,94,0.0235
2025-09-04,2,Grindavík/ Njarðvík,HK,0,2,104,0.026
2025-09-04,2,Grindavík/ Njarðvík,HK,0,3,110,0.0275
2025-09-04,2,Grindavík/ Njarðvík,HK,0,4,65,0.01625
2025-09-04,2,Grindavík/ Njarðvík,HK,0,5,43,0.01075
2025-09-04,2,Grindavík/ Njarðvík,HK,0,6,37,0.00925
2025-09-04,2,Grindavík/ Njarðvík,HK,0,7,16,0.004
2025-09-04,2,Grindavík/ Njarðvík,HK,0,8,4,0.001
2025-09-04,2,Grindavík/ Njarðvík,HK,0,9,2,5e-4
2025-09-04,2,Grindavík/ Njarðvík,HK,0,10,2,5e-4
2025-09-04,2,Grindavík/ Njarðvík,HK,1,0,71,0.01775
2025-09-04,2,Grindavík/ Njarðvík,HK,1,1,174,0.0435
2025-09-04,2,Grindavík/ Njarðvík,HK,1,2,197,0.04925
2025-09-04,2,Grindavík/ Njarðvík,HK,1,3,164,0.041
2025-09-04,2,Grindavík/ Njarðvík,HK,1,4,161,0.04025
2025-09-04,2,Grindavík/ Njarðvík,HK,1,5,81,0.02025
2025-09-04,2,Grindavík/ Njarðvík,HK,1,6,42,0.0105
2025-09-04,2,Grindavík/ Njarðvík,HK,1,7,22,0.0055
2025-09-04,2,Grindavík/ Njarðvík,HK,1,8,15,0.00375
2025-09-04,2,Grindavík/ Njarðvík,HK,1,9,9,0.00225
2025-09-04,2,Grindavík/ Njarðvík,HK,1,10,3,7.5e-4
2025-09-04,2,Grindavík/ Njarðvík,HK,1,11,1,2.5e-4
2025-09-04,2,Grindavík/ Njarðvík,HK,2,0,78,0.0195
2025-09-04,2,Grindavík/ Njarðvík,HK,2,1,165,0.04125
2025-09-04,2,Grindavík/ Njarðvík,HK,2,2,195,0.04875
2025-09-04,2,Grindavík/ Njarðvík,HK,2,3,172,0.043
2025-09-04,2,Grindavík/ Njarðvík,HK,2,4,126,0.0315
2025-09-04,2,Grindavík/ Njarðvík,HK,2,5,96,0.024
2025-09-04,2,Grindavík/ Njarðvík,HK,2,6,46,0.0115
2025-09-04,2,Grindavík/ Njarðvík,HK,2,7,27,0.00675
2025-09-04,2,Grindavík/ Njarðvík,HK,2,8,14,0.0035
2025-09-04,2,Grindavík/ Njarðvík,HK,2,9,7,0.00175
2025-09-04,2,Grindavík/ Njarðvík,HK,2,10,7,0.00175
2025-09-04,2,Grindavík/ Njarðvík,HK,2,11,3,7.5e-4
2025-09-04,2,Grindavík/ Njarðvík,HK,2,15,1,2.5e-4
2025-09-04,2,Grindavík/ Njarðvík,HK,3,0,57,0.01425
2025-09-04,2,Grindavík/ Njarðvík,HK,3,1,117,0.02925
2025-09-04,2,Grindavík/ Njarðvík,HK,3,2,146,0.0365
2025-09-04,2,Grindavík/ Njarðvík,HK,3,3,157,0.03925
2025-09-04,2,Grindavík/ Njarðvík,HK,3,4,96,0.024
2025-09-04,2,Grindavík/ Njarðvík,HK,3,5,72,0.018
2025-09-04,2,Grindavík/ Njarðvík,HK,3,6,40,0.01
2025-09-04,2,Grindavík/ Njarðvík,HK,3,7,18,0.0045
2025-09-04,2,Grindavík/ Njarðvík,HK,3,8,11,0.00275
2025-09-04,2,Grindavík/ Njarðvík,HK,3,9,7,0.00175
2025-09-04,2,Grindavík/ Njarðvík,HK,3,10,5,0.00125
2025-09-04,2,Grindavík/ Njarðvík,HK,4,0,36,0.009
2025-09-04,2,Grindavík/ Njarðvík,HK,4,1,63,0.01575
2025-09-04,2,Grindavík/ Njarðvík,HK,4,2,73,0.01825
2025-09-04,2,Grindavík/ Njarðvík,HK,4,3,85,0.02125
2025-09-04,2,Grindavík/ Njarðvík,HK,4,4,62,0.0155
2025-09-04,2,Grindavík/ Njarðvík,HK,4,5,37,0.00925
2025-09-04,2,Grindavík/ Njarðvík,HK,4,6,18,0.0045
2025-09-04,2,Grindavík/ Njarðvík,HK,4,7,8,0.002
2025-09-04,2,Grindavík/ Njarðvík,HK,4,8,5,0.00125
2025-09-04,2,Grindavík/ Njarðvík,HK,4,9,3,7.5e-4
2025-09-04,2,Grindavík/ Njarðvík,HK,4,11,1,2.5e-4
2025-09-04,2,Grindavík/ Njarðvík,HK,4,14,1,2.5e-4
2025-09-04,2,Grindavík/ Njarðvík,HK,5,0,23,0.00575
2025-09-04,2,Grindavík/ Njarðvík,HK,5,1,49,0.01225
2025-09-04,2,Grindavík/ Njarðvík,HK,5,2,42,0.0105
2025-09-04,2,Grindavík/ Njarðvík,HK,5,3,46,0.0115
2025-09-04,2,Grindavík/ Njarðvík,HK,5,4,40,0.01
2025-09-04,2,Grindavík/ Njarðvík,HK,5,5,30,0.0075
2025-09-04,2,Grindavík/ Njarðvík,HK,5,6,14,0.0035
2025-09-04,2,Grindavík/ Njarðvík,HK,5,7,4,0.001
2025-09-04,2,Grindavík/ Njarðvík,HK,5,8,4,0.001
2025-09-04,2,Grindavík/ Njarðvík,HK,5,9,2,5e-4
2025-09-04,2,Grindavík/ Njarðvík,HK,5,11,1,2.5e-4
2025-09-04,2,Grindavík/ Njarðvík,HK,6,0,5,0.00125
2025-09-04,2,Grindavík/ Njarðvík,HK,6,1,8,0.002
2025-09-04,2,Grindavík/ Njarðvík,HK,6,2,26,0.0065
2025-09-04,2,Grindavík/ Njarðvík,HK,6,3,28,0.007
2025-09-04,2,Grindavík/ Njarðvík,HK,6,4,17,0.00425
2025-09-04,2,Grindavík/ Njarðvík,HK,6,5,17,0.00425
2025-09-04,2,Grindavík/ Njarðvík,HK,6,6,6,0.0015
2025-09-04,2,Grindavík/ Njarðvík,HK,6,7,2,5e-4
2025-09-04,2,Grindavík/ Njarðvík,HK,6,8,1,2.5e-4
2025-09-04,2,Grindavík/ Njarðvík,HK,6,9,3,7.5e-4
2025-09-04,2,Grindavík/ Njarðvík,HK,6,10,1,2.5e-4
2025-09-04,2,Grindavík/ Njarðvík,HK,7,1,11,0.00275
2025-09-04,2,Grindavík/ Njarðvík,HK,7,2,3,7.5e-4
2025-09-04,2,Grindavík/ Njarðvík,HK,7,3,11,0.00275
2025-09-04,2,Grindavík/ Njarðvík,HK,7,4,7,0.00175
2025-09-04,2,Grindavík/ Njarðvík,HK,7,5,8,0.002
2025-09-04,2,Grindavík/ Njarðvík,HK,7,7,7,0.00175
2025-09-04,2,Grindavík/ Njarðvík,HK,7,8,3,7.5e-4
2025-09-04,2,Grindavík/ Njarðvík,HK,7,9,1,2.5e-4
2025-09-04,2,Grindavík/ Njarðvík,HK,8,0,1,2.5e-4
2025-09-04,2,Grindavík/ Njarðvík,HK,8,1,3,7.5e-4
2025-09-04,2,Grindavík/ Njarðvík,HK,8,2,4,0.001
2025-09-04,2,Grindavík/ Njarðvík,HK,8,3,4,0.001
2025-09-04,2,Grindavík/ Njarðvík,HK,8,4,4,0.001
2025-09-04,2,Grindavík/ Njarðvík,HK,8,5,2,5e-4
2025-09-04,2,Grindavík/ Njarðvík,HK,8,6,1,2.5e-4
2025-09-04,2,Grindavík/ Njarðvík,HK,8,7,1,2.5e-4
2025-09-04,2,Grindavík/ Njarðvík,HK,8,9,1,2.5e-4
2025-09-04,2,Grindavík/ Njarðvík,HK,8,11,1,2.5e-4
2025-09-04,2,Grindavík/ Njarðvík,HK,9,0,2,5e-4
2025-09-04,2,Grindavík/ Njarðvík,HK,9,1,2,5e-4
2025-09-04,2,Grindavík/ Njarðvík,HK,9,4,1,2.5e-4
2025-09-04,2,Grindavík/ Njarðvík,HK,10,1,1,2.5e-4
2025-09-04,2,Grindavík/ Njarðvík,HK,10,3,2,5e-4
2025-09-04,2,Grindavík/ Njarðvík,HK,10,4,1,2.5e-4
2025-09-04,2,Grindavík/ Njarðvík,HK,10,7,1,2.5e-4
2025-09-04,2,Grindavík/ Njarðvík,HK,11,4,1,2.5e-4
2025-09-04,2,Grindavík/ Njarðvík,HK,12,2,1,2.5e-4
2025-09-04,2,Grindavík/ Njarðvík,HK,12,6,2,5e-4
2025-09-04,2,Grindavík/ Njarðvík,HK,13,5,1,2.5e-4
2025-09-04,2,Grindavík/ Njarðvík,HK,15,2,1,2.5e-4
2025-09-04,2,Grótta,Keflavík,0,0,225,0.05625
2025-09-04,2,Grótta,Keflavík,0,1,348,0.087
2025-09-04,2,Grótta,Keflavík,0,2,332,0.083
2025-09-04,2,Grótta,Keflavík,0,3,218,0.0545
2025-09-04,2,Grótta,Keflavík,0,4,103,0.02575
2025-09-04,2,Grótta,Keflavík,0,5,61,0.01525
2025-09-04,2,Grótta,Keflavík,0,6,27,0.00675
2025-09-04,2,Grótta,Keflavík,0,7,13,0.00325
2025-09-04,2,Grótta,Keflavík,0,8,2,5e-4
2025-09-04,2,Grótta,Keflavík,0,9,3,7.5e-4
2025-09-04,2,Grótta,Keflavík,0,10,1,2.5e-4
2025-09-04,2,Grótta,Keflavík,1,0,212,0.053
2025-09-04,2,Grótta,Keflavík,1,1,427,0.10675
2025-09-04,2,Grótta,Keflavík,1,2,303,0.07575
2025-09-04,2,Grótta,Keflavík,1,3,236,0.059
2025-09-04,2,Grótta,Keflavík,1,4,126,0.0315
2025-09-04,2,Grótta,Keflavík,1,5,51,0.01275
2025-09-04,2,Grótta,Keflavík,1,6,22,0.0055
2025-09-04,2,Grótta,Keflavík,1,7,7,0.00175
2025-09-04,2,Grótta,Keflavík,1,8,6,0.0015
2025-09-04,2,Grótta,Keflavík,1,9,2,5e-4
2025-09-04,2,Grótta,Keflavík,2,0,116,0.029
2025-09-04,2,Grótta,Keflavík,2,1,207,0.05175
2025-09-04,2,Grótta,Keflavík,2,2,193,0.04825
2025-09-04,2,Grótta,Keflavík,2,3,129,0.03225
2025-09-04,2,Grótta,Keflavík,2,4,66,0.0165
2025-09-04,2,Grótta,Keflavík,2,5,35,0.00875
2025-09-04,2,Grótta,Keflavík,2,6,11,0.00275
2025-09-04,2,Grótta,Keflavík,2,7,6,0.0015
2025-09-04,2,Grótta,Keflavík,2,8,3,7.5e-4
2025-09-04,2,Grótta,Keflavík,2,9,1,2.5e-4
2025-09-04,2,Grótta,Keflavík,2,10,1,2.5e-4
2025-09-04,2,Grótta,Keflavík,2,11,1,2.5e-4
2025-09-04,2,Grótta,Keflavík,3,0,52,0.013
2025-09-04,2,Grótta,Keflavík,3,1,73,0.01825
2025-09-04,2,Grótta,Keflavík,3,2,81,0.02025
2025-09-04,2,Grótta,Keflavík,3,3,59,0.01475
2025-09-04,2,Grótta,Keflavík,3,4,33,0.00825
2025-09-04,2,Grótta,Keflavík,3,5,19,0.00475
2025-09-04,2,Grótta,Keflavík,3,6,8,0.002
2025-09-04,2,Grótta,Keflavík,3,7,4,0.001
2025-09-04,2,Grótta,Keflavík,3,9,2,5e-4
2025-09-04,2,Grótta,Keflavík,4,0,14,0.0035
2025-09-04,2,Grótta,Keflavík,4,1,30,0.0075
2025-09-04,2,Grótta,Keflavík,4,2,24,0.006
2025-09-04,2,Grótta,Keflavík,4,3,16,0.004
2025-09-04,2,Grótta,Keflavík,4,4,10,0.0025
2025-09-04,2,Grótta,Keflavík,4,5,12,0.003
2025-09-04,2,Grótta,Keflavík,4,6,5,0.00125
2025-09-04,2,Grótta,Keflavík,4,8,1,2.5e-4
2025-09-04,2,Grótta,Keflavík,5,0,9,0.00225
2025-09-04,2,Grótta,Keflavík,5,1,12,0.003
2025-09-04,2,Grótta,Keflavík,5,2,10,0.0025
2025-09-04,2,Grótta,Keflavík,5,3,7,0.00175
2025-09-04,2,Grótta,Keflavík,5,4,9,0.00225
2025-09-04,2,Grótta,Keflavík,5,5,3,7.5e-4
2025-09-04,2,Grótta,Keflavík,5,7,1,2.5e-4
2025-09-04,2,Grótta,Keflavík,6,0,2,5e-4
2025-09-04,2,Grótta,Keflavík,6,1,2,5e-4
2025-09-04,2,Grótta,Keflavík,6,2,1,2.5e-4
2025-09-04,2,Grótta,Keflavík,6,3,3,7.5e-4
2025-09-04,2,Grótta,Keflavík,6,5,1,2.5e-4
2025-09-04,2,Grótta,Keflavík,7,2,1,2.5e-4
2025-09-04,2,Grótta,Keflavík,7,3,1,2.5e-4
2025-09-04,2,Grótta,Keflavík,9,5,1,2.5e-4
2025-09-04,2,Haukar,Afturelding,0,0,41,0.01025
2025-09-04,2,Haukar,Afturelding,0,1,46,0.0115
2025-09-04,2,Haukar,Afturelding,0,2,34,0.0085
2025-09-04,2,Haukar,Afturelding,0,3,17,0.00425
2025-09-04,2,Haukar,Afturelding,0,4,14,0.0035
2025-09-04,2,Haukar,Afturelding,0,5,4,0.001
2025-09-04,2,Haukar,Afturelding,0,6,1,2.5e-4
2025-09-04,2,Haukar,Afturelding,0,7,2,5e-4
2025-09-04,2,Haukar,Afturelding,1,0,71,0.01775
2025-09-04,2,Haukar,Afturelding,1,1,135,0.03375
2025-09-04,2,Haukar,Afturelding,1,2,92,0.023
2025-09-04,2,Haukar,Afturelding,1,3,57,0.01425
2025-09-04,2,Haukar,Afturelding,1,4,25,0.00625
2025-09-04,2,Haukar,Afturelding,1,5,12,0.003
2025-09-04,2,Haukar,Afturelding,1,6,3,7.5e-4
2025-09-04,2,Haukar,Afturelding,1,7,1,2.5e-4
2025-09-04,2,Haukar,Afturelding,2,0,138,0.0345
2025-09-04,2,Haukar,Afturelding,2,1,186,0.0465
2025-09-04,2,Haukar,Afturelding,2,2,175,0.04375
2025-09-04,2,Haukar,Afturelding,2,3,93,0.02325
2025-09-04,2,Haukar,Afturelding,2,4,41,0.01025
2025-09-04,2,Haukar,Afturelding,2,5,15,0.00375
2025-09-04,2,Haukar,Afturelding,2,6,8,0.002
2025-09-04,2,Haukar,Afturelding,2,7,2,5e-4
2025-09-04,2,Haukar,Afturelding,2,8,1,2.5e-4
2025-09-04,2,Haukar,Afturelding,3,0,150,0.0375
2025-09-04,2,Haukar,Afturelding,3,1,211,0.05275
2025-09-04,2,Haukar,Afturelding,3,2,174,0.0435
2025-09-04,2,Haukar,Afturelding,3,3,99,0.02475
2025-09-04,2,Haukar,Afturelding,3,4,55,0.01375
2025-09-04,2,Haukar,Afturelding,3,5,18,0.0045
2025-09-04,2,Haukar,Afturelding,3,6,9,0.00225
2025-09-04,2,Haukar,Afturelding,3,7,4,0.001
2025-09-04,2,Haukar,Afturelding,3,8,1,2.5e-4
2025-09-04,2,Haukar,Afturelding,3,12,1,2.5e-4
2025-09-04,2,Haukar,Afturelding,4,0,130,0.0325
2025-09-04,2,Haukar,Afturelding,4,1,190,0.0475
2025-09-04,2,Haukar,Afturelding,4,2,163,0.04075
2025-09-04,2,Haukar,Afturelding,4,3,109,0.02725
2025-09-04,2,Haukar,Afturelding,4,4,60,0.015
2025-09-04,2,Haukar,Afturelding,4,5,22,0.0055
2025-09-04,2,Haukar,Afturelding,4,6,8,0.002
2025-09-04,2,Haukar,Afturelding,4,7,4,0.001
2025-09-04,2,Haukar,Afturelding,4,8,2,5e-4
2025-09-04,2,Haukar,Afturelding,5,0,102,0.0255
2025-09-04,2,Haukar,Afturelding,5,1,132,0.033
2025-09-04,2,Haukar,Afturelding,5,2,114,0.0285
2025-09-04,2,Haukar,Afturelding,5,3,80,0.02
2025-09-04,2,Haukar,Afturelding,5,4,38,0.0095
2025-09-04,2,Haukar,Afturelding,5,5,21,0.00525
2025-09-04,2,Haukar,Afturelding,5,6,10,0.0025
2025-09-04,2,Haukar,Afturelding,5,7,3,7.5e-4
2025-09-04,2,Haukar,Afturelding,5,8,1,2.5e-4
2025-09-04,2,Haukar,Afturelding,6,0,66,0.0165
2025-09-04,2,Haukar,Afturelding,6,1,96,0.024
2025-09-04,2,Haukar,Afturelding,6,2,84,0.021
2025-09-04,2,Haukar,Afturelding,6,3,75,0.01875
2025-09-04,2,Haukar,Afturelding,6,4,31,0.00775
2025-09-04,2,Haukar,Afturelding,6,5,18,0.0045
2025-09-04,2,Haukar,Afturelding,6,6,2,5e-4
2025-09-04,2,Haukar,Afturelding,6,7,3,7.5e-4
2025-09-04,2,Haukar,Afturelding,7,0,33,0.00825
2025-09-04,2,Haukar,Afturelding,7,1,62,0.0155
2025-09-04,2,Haukar,Afturelding,7,2,61,0.01525
2025-09-04,2,Haukar,Afturelding,7,3,33,0.00825
2025-09-04,2,Haukar,Afturelding,7,4,17,0.00425
2025-09-04,2,Haukar,Afturelding,7,5,7,0.00175
2025-09-04,2,Haukar,Afturelding,7,6,6,0.0015
2025-09-04,2,Haukar,Afturelding,7,7,2,5e-4
2025-09-04,2,Haukar,Afturelding,8,0,20,0.005
2025-09-04,2,Haukar,Afturelding,8,1,38,0.0095
2025-09-04,2,Haukar,Afturelding,8,2,25,0.00625
2025-09-04,2,Haukar,Afturelding,8,3,20,0.005
2025-09-04,2,Haukar,Afturelding,8,4,10,0.0025
2025-09-04,2,Haukar,Afturelding,8,5,7,0.00175
2025-09-04,2,Haukar,Afturelding,8,6,6,0.0015
2025-09-04,2,Haukar,Afturelding,8,7,1,2.5e-4
2025-09-04,2,Haukar,Afturelding,8,8,1,2.5e-4
2025-09-04,2,Haukar,Afturelding,9,0,13,0.00325
2025-09-04,2,Haukar,Afturelding,9,1,20,0.005
2025-09-04,2,Haukar,Afturelding,9,2,16,0.004
2025-09-04,2,Haukar,Afturelding,9,3,7,0.00175
2025-09-04,2,Haukar,Afturelding,9,4,6,0.0015
2025-09-04,2,Haukar,Afturelding,9,5,2,5e-4
2025-09-04,2,Haukar,Afturelding,9,6,4,0.001
2025-09-04,2,Haukar,Afturelding,10,0,8,0.002
2025-09-04,2,Haukar,Afturelding,10,1,15,0.00375
2025-09-04,2,Haukar,Afturelding,10,2,7,0.00175
2025-09-04,2,Haukar,Afturelding,10,3,5,0.00125
2025-09-04,2,Haukar,Afturelding,10,4,1,2.5e-4
2025-09-04,2,Haukar,Afturelding,11,0,8,0.002
2025-09-04,2,Haukar,Afturelding,11,1,4,0.001
2025-09-04,2,Haukar,Afturelding,11,2,4,0.001
2025-09-04,2,Haukar,Afturelding,11,3,2,5e-4
2025-09-04,2,Haukar,Afturelding,11,4,4,0.001
2025-09-04,2,Haukar,Afturelding,12,0,1,2.5e-4
2025-09-04,2,Haukar,Afturelding,12,1,6,0.0015
2025-09-04,2,Haukar,Afturelding,12,2,1,2.5e-4
2025-09-04,2,Haukar,Afturelding,12,3,1,2.5e-4
2025-09-04,2,Haukar,Afturelding,12,4,2,5e-4
2025-09-04,2,Haukar,Afturelding,12,5,2,5e-4
2025-09-04,2,Haukar,Afturelding,13,0,1,2.5e-4
2025-09-04,2,Haukar,Afturelding,13,2,2,5e-4
2025-09-04,2,Haukar,Afturelding,13,3,3,7.5e-4
2025-09-04,2,Haukar,Afturelding,13,6,1,2.5e-4
2025-09-04,2,Haukar,Afturelding,14,1,2,5e-4
2025-09-04,2,Haukar,Afturelding,14,4,1,2.5e-4
2025-09-04,2,Haukar,Afturelding,15,1,1,2.5e-4
2025-09-04,2,Haukar,Afturelding,15,4,1,2.5e-4
2025-09-04,2,ÍA,KR,0,0,32,0.008
2025-09-04,2,ÍA,KR,0,1,38,0.0095
2025-09-04,2,ÍA,KR,0,2,34,0.0085
2025-09-04,2,ÍA,KR,0,3,19,0.00475
2025-09-04,2,ÍA,KR,0,4,12,0.003
2025-09-04,2,ÍA,KR,0,5,7,0.00175
2025-09-04,2,ÍA,KR,0,6,3,7.5e-4
2025-09-04,2,ÍA,KR,1,0,86,0.0215
2025-09-04,2,ÍA,KR,1,1,153,0.03825
2025-09-04,2,ÍA,KR,1,2,112,0.028
2025-09-04,2,ÍA,KR,1,3,54,0.0135
2025-09-04,2,ÍA,KR,1,4,32,0.008
2025-09-04,2,ÍA,KR,1,5,13,0.00325
2025-09-04,2,ÍA,KR,1,6,7,0.00175
2025-09-04,2,ÍA,KR,1,7,2,5e-4
2025-09-04,2,ÍA,KR,2,0,136,0.034
2025-09-04,2,ÍA,KR,2,1,203,0.05075
2025-09-04,2,ÍA,KR,2,2,164,0.041
2025-09-04,2,ÍA,KR,2,3,103,0.02575
2025-09-04,2,ÍA,KR,2,4,43,0.01075
2025-09-04,2,ÍA,KR,2,5,9,0.00225
2025-09-04,2,ÍA,KR,2,6,11,0.00275
2025-09-04,2,ÍA,KR,2,7,3,7.5e-4
2025-09-04,2,ÍA,KR,3,0,135,0.03375
2025-09-04,2,ÍA,KR,3,1,216,0.054
2025-09-04,2,ÍA,KR,3,2,179,0.04475
2025-09-04,2,ÍA,KR,3,3,117,0.02925
2025-09-04,2,ÍA,KR,3,4,60,0.015
2025-09-04,2,ÍA,KR,3,5,24,0.006
2025-09-04,2,ÍA,KR,3,6,8,0.002
2025-09-04,2,ÍA,KR,3,7,7,0.00175
2025-09-04,2,ÍA,KR,3,8,1,2.5e-4
2025-09-04,2,ÍA,KR,4,0,147,0.03675
2025-09-04,2,ÍA,KR,4,1,179,0.04475
2025-09-04,2,ÍA,KR,4,2,157,0.03925
2025-09-04,2,ÍA,KR,4,3,100,0.025
2025-09-04,2,ÍA,KR,4,4,46,0.0115
2025-09-04,2,ÍA,KR,4,5,31,0.00775
2025-09-04,2,ÍA,KR,4,6,10,0.0025
2025-09-04,2,ÍA,KR,4,7,4,0.001
2025-09-04,2,ÍA,KR,4,8,2,5e-4
2025-09-04,2,ÍA,KR,5,0,104,0.026
2025-09-04,2,ÍA,KR,5,1,146,0.0365
2025-09-04,2,ÍA,KR,5,2,111,0.02775
2025-09-04,2,ÍA,KR,5,3,79,0.01975
2025-09-04,2,ÍA,KR,5,4,38,0.0095
2025-09-04,2,ÍA,KR,5,5,19,0.00475
2025-09-04,2,ÍA,KR,5,6,8,0.002
2025-09-04,2,ÍA,KR,5,7,3,7.5e-4
2025-09-04,2,ÍA,KR,5,8,2,5e-4
2025-09-04,2,ÍA,KR,5,10,1,2.5e-4
2025-09-04,2,ÍA,KR,6,0,68,0.017
2025-09-04,2,ÍA,KR,6,1,103,0.02575
2025-09-04,2,ÍA,KR,6,2,78,0.0195
2025-09-04,2,ÍA,KR,6,3,39,0.00975
2025-09-04,2,ÍA,KR,6,4,28,0.007
2025-09-04,2,ÍA,KR,6,5,13,0.00325
2025-09-04,2,ÍA,KR,6,6,5,0.00125
2025-09-04,2,ÍA,KR,6,7,7,0.00175
2025-09-04,2,ÍA,KR,7,0,42,0.0105
2025-09-04,2,ÍA,KR,7,1,54,0.0135
2025-09-04,2,ÍA,KR,7,2,42,0.0105
2025-09-04,2,ÍA,KR,7,3,32,0.008
2025-09-04,2,ÍA,KR,7,4,14,0.0035
2025-09-04,2,ÍA,KR,7,5,5,0.00125
2025-09-04,2,ÍA,KR,7,6,3,7.5e-4
2025-09-04,2,ÍA,KR,7,7,4,0.001
2025-09-04,2,ÍA,KR,8,0,20,0.005
2025-09-04,2,ÍA,KR,8,1,36,0.009
2025-09-04,2,ÍA,KR,8,2,29,0.00725
2025-09-04,2,ÍA,KR,8,3,22,0.0055
2025-09-04,2,ÍA,KR,8,4,12,0.003
2025-09-04,2,ÍA,KR,8,5,5,0.00125
2025-09-04,2,ÍA,KR,8,6,3,7.5e-4
2025-09-04,2,ÍA,KR,8,7,1,2.5e-4
2025-09-04,2,ÍA,KR,8,8,1,2.5e-4
2025-09-04,2,ÍA,KR,9,0,7,0.00175
2025-09-04,2,ÍA,KR,9,1,19,0.00475
2025-09-04,2,ÍA,KR,9,2,11,0.00275
2025-09-04,2,ÍA,KR,9,3,14,0.0035
2025-09-04,2,ÍA,KR,9,4,3,7.5e-4
2025-09-04,2,ÍA,KR,9,5,2,5e-4
2025-09-04,2,ÍA,KR,10,0,6,0.0015
2025-09-04,2,ÍA,KR,10,1,6,0.0015
2025-09-04,2,ÍA,KR,10,2,11,0.00275
2025-09-04,2,ÍA,KR,10,3,9,0.00225
2025-09-04,2,ÍA,KR,10,4,2,5e-4
2025-09-04,2,ÍA,KR,10,5,2,5e-4
2025-09-04,2,ÍA,KR,11,0,4,0.001
2025-09-04,2,ÍA,KR,11,1,10,0.0025
2025-09-04,2,ÍA,KR,11,2,3,7.5e-4
2025-09-04,2,ÍA,KR,11,3,3,7.5e-4
2025-09-04,2,ÍA,KR,11,4,1,2.5e-4
2025-09-04,2,ÍA,KR,11,5,2,5e-4
2025-09-04,2,ÍA,KR,12,0,1,2.5e-4
2025-09-04,2,ÍA,KR,12,1,1,2.5e-4
2025-09-04,2,ÍA,KR,12,2,1,2.5e-4
2025-09-04,2,ÍA,KR,12,3,2,5e-4
2025-09-04,2,ÍA,KR,12,4,1,2.5e-4
2025-09-04,2,ÍA,KR,13,5,1,2.5e-4
2025-09-04,2,ÍA,KR,14,0,1,2.5e-4
2025-09-04,2,ÍA,KR,15,1,1,2.5e-4
2025-09-06,1,Stjarnan,Þór/KA,0,0,199,0.04975
2025-09-06,1,Stjarnan,Þór/KA,0,1,208,0.052
2025-09-06,1,Stjarnan,Þór/KA,0,2,182,0.0455
2025-09-06,1,Stjarnan,Þór/KA,0,3,88,0.022
2025-09-06,1,Stjarnan,Þór/KA,0,4,56,0.014
2025-09-06,1,Stjarnan,Þór/KA,0,5,27,0.00675
2025-09-06,1,Stjarnan,Þór/KA,0,6,4,0.001
2025-09-06,1,Stjarnan,Þór/KA,0,7,4,0.001
2025-09-06,1,Stjarnan,Þór/KA,1,0,215,0.05375
2025-09-06,1,Stjarnan,Þór/KA,1,1,383,0.09575
2025-09-06,1,Stjarnan,Þór/KA,1,2,279,0.06975
2025-09-06,1,Stjarnan,Þór/KA,1,3,164,0.041
2025-09-06,1,Stjarnan,Þór/KA,1,4,76,0.019
2025-09-06,1,Stjarnan,Þór/KA,1,5,37,0.00925
2025-09-06,1,Stjarnan,Þór/KA,1,6,14,0.0035
2025-09-06,1,Stjarnan,Þór/KA,1,7,7,0.00175
2025-09-06,1,Stjarnan,Þór/KA,1,8,1,2.5e-4
2025-09-06,1,Stjarnan,Þór/KA,2,0,180,0.045
2025-09-06,1,Stjarnan,Þór/KA,2,1,265,0.06625
2025-09-06,1,Stjarnan,Þór/KA,2,2,250,0.0625
2025-09-06,1,Stjarnan,Þór/KA,2,3,150,0.0375
2025-09-06,1,Stjarnan,Þór/KA,2,4,54,0.0135
2025-09-06,1,Stjarnan,Þór/KA,2,5,35,0.00875
2025-09-06,1,Stjarnan,Þór/KA,2,6,9,0.00225
2025-09-06,1,Stjarnan,Þór/KA,2,7,4,0.001
2025-09-06,1,Stjarnan,Þór/KA,2,9,2,5e-4
2025-09-06,1,Stjarnan,Þór/KA,3,0,100,0.025
2025-09-06,1,Stjarnan,Þór/KA,3,1,168,0.042
2025-09-06,1,Stjarnan,Þór/KA,3,2,153,0.03825
2025-09-06,1,Stjarnan,Þór/KA,3,3,88,0.022
2025-09-06,1,Stjarnan,Þór/KA,3,4,51,0.01275
2025-09-06,1,Stjarnan,Þór/KA,3,5,29,0.00725
2025-09-06,1,Stjarnan,Þór/KA,3,6,4,0.001
2025-09-06,1,Stjarnan,Þór/KA,3,7,2,5e-4
2025-09-06,1,Stjarnan,Þór/KA,3,8,1,2.5e-4
2025-09-06,1,Stjarnan,Þór/KA,4,0,64,0.016
2025-09-06,1,Stjarnan,Þór/KA,4,1,72,0.018
2025-09-06,1,Stjarnan,Þór/KA,4,2,82,0.0205
2025-09-06,1,Stjarnan,Þór/KA,4,3,40,0.01
2025-09-06,1,Stjarnan,Þór/KA,4,4,33,0.00825
2025-09-06,1,Stjarnan,Þór/KA,4,5,14,0.0035
2025-09-06,1,Stjarnan,Þór/KA,4,6,5,0.00125
2025-09-06,1,Stjarnan,Þór/KA,4,7,4,0.001
2025-09-06,1,Stjarnan,Þór/KA,4,9,1,2.5e-4
2025-09-06,1,Stjarnan,Þór/KA,5,0,18,0.0045
2025-09-06,1,Stjarnan,Þór/KA,5,1,47,0.01175
2025-09-06,1,Stjarnan,Þór/KA,5,2,29,0.00725
2025-09-06,1,Stjarnan,Þór/KA,5,3,16,0.004
2025-09-06,1,Stjarnan,Þór/KA,5,4,10,0.0025
2025-09-06,1,Stjarnan,Þór/KA,5,5,5,0.00125
2025-09-06,1,Stjarnan,Þór/KA,5,6,2,5e-4
2025-09-06,1,Stjarnan,Þór/KA,6,0,5,0.00125
2025-09-06,1,Stjarnan,Þór/KA,6,1,10,0.0025
2025-09-06,1,Stjarnan,Þór/KA,6,2,10,0.0025
2025-09-06,1,Stjarnan,Þór/KA,6,3,6,0.0015
2025-09-06,1,Stjarnan,Þór/KA,6,4,5,0.00125
2025-09-06,1,Stjarnan,Þór/KA,6,5,1,2.5e-4
2025-09-06,1,Stjarnan,Þór/KA,6,6,1,2.5e-4
2025-09-06,1,Stjarnan,Þór/KA,6,7,1,2.5e-4
2025-09-06,1,Stjarnan,Þór/KA,7,0,3,7.5e-4
2025-09-06,1,Stjarnan,Þór/KA,7,1,6,0.0015
2025-09-06,1,Stjarnan,Þór/KA,7,2,8,0.002
2025-09-06,1,Stjarnan,Þór/KA,7,3,4,0.001
2025-09-06,1,Stjarnan,Þór/KA,7,4,1,2.5e-4
2025-09-06,1,Stjarnan,Þór/KA,8,0,1,2.5e-4
2025-09-06,1,Stjarnan,Þór/KA,8,2,2,5e-4
2025-09-06,1,Stjarnan,Þór/KA,8,3,1,2.5e-4
2025-09-06,1,Stjarnan,Þór/KA,8,6,1,2.5e-4
2025-09-06,1,Stjarnan,Þór/KA,9,1,1,2.5e-4
2025-09-06,1,Stjarnan,Þór/KA,9,2,1,2.5e-4
2025-09-06,1,Stjarnan,Þór/KA,10,4,1,2.5e-4
2025-09-07,1,Þróttur R.,FHL,0,0,121,0.03025
2025-09-07,1,Þróttur R.,FHL,0,1,43,0.01075
2025-09-07,1,Þróttur R.,FHL,0,2,9,0.00225
2025-09-07,1,Þróttur R.,FHL,1,0,325,0.08125
2025-09-07,1,Þróttur R.,FHL,1,1,112,0.028
2025-09-07,1,Þróttur R.,FHL,1,2,33,0.00825
2025-09-07,1,Þróttur R.,FHL,1,3,7,0.00175
2025-09-07,1,Þróttur R.,FHL,1,4,1,2.5e-4
2025-09-07,1,Þróttur R.,FHL,2,0,511,0.12775
2025-09-07,1,Þróttur R.,FHL,2,1,182,0.0455
2025-09-07,1,Þróttur R.,FHL,2,2,38,0.0095
2025-09-07,1,Þróttur R.,FHL,2,3,3,7.5e-4
2025-09-07,1,Þróttur R.,FHL,2,4,4,0.001
2025-09-07,1,Þróttur R.,FHL,3,0,519,0.12975
2025-09-07,1,Þróttur R.,FHL,3,1,215,0.05375
2025-09-07,1,Þróttur R.,FHL,3,2,48,0.012
2025-09-07,1,Þróttur R.,FHL,3,3,15,0.00375
2025-09-07,1,Þróttur R.,FHL,3,4,2,5e-4
2025-09-07,1,Þróttur R.,FHL,4,0,440,0.11
2025-09-07,1,Þróttur R.,FHL,4,1,165,0.04125
2025-09-07,1,Þróttur R.,FHL,4,2,28,0.007
2025-09-07,1,Þróttur R.,FHL,4,3,2,5e-4
2025-09-07,1,Þróttur R.,FHL,5,0,328,0.082
2025-09-07,1,Þróttur R.,FHL,5,1,117,0.02925
2025-09-07,1,Þróttur R.,FHL,5,2,34,0.0085
2025-09-07,1,Þróttur R.,FHL,5,3,4,0.001
2025-09-07,1,Þróttur R.,FHL,5,4,1,2.5e-4
2025-09-07,1,Þróttur R.,FHL,6,0,197,0.04925
2025-09-07,1,Þróttur R.,FHL,6,1,83,0.02075
2025-09-07,1,Þróttur R.,FHL,6,2,22,0.0055
2025-09-07,1,Þróttur R.,FHL,6,3,5,0.00125
2025-09-07,1,Þróttur R.,FHL,7,0,117,0.02925
2025-09-07,1,Þróttur R.,FHL,7,1,54,0.0135
2025-09-07,1,Þróttur R.,FHL,7,2,8,0.002
2025-09-07,1,Þróttur R.,FHL,7,3,1,2.5e-4
2025-09-07,1,Þróttur R.,FHL,8,0,68,0.017
2025-09-07,1,Þróttur R.,FHL,8,1,23,0.00575
2025-09-07,1,Þróttur R.,FHL,8,2,9,0.00225
2025-09-07,1,Þróttur R.,FHL,9,0,45,0.01125
2025-09-07,1,Þróttur R.,FHL,9,1,11,0.00275
2025-09-07,1,Þróttur R.,FHL,9,2,6,0.0015
2025-09-07,1,Þróttur R.,FHL,10,0,19,0.00475
2025-09-07,1,Þróttur R.,FHL,10,1,8,0.002
2025-09-07,1,Þróttur R.,FHL,10,2,3,7.5e-4
2025-09-07,1,Þróttur R.,FHL,11,0,6,0.0015
2025-09-07,1,Þróttur R.,FHL,11,1,3,7.5e-4
2025-09-07,1,Þróttur R.,FHL,12,0,2,5e-4
2025-09-07,1,Þróttur R.,FHL,13,1,1,2.5e-4
2025-09-07,1,Þróttur R.,FHL,14,0,1,2.5e-4
2025-09-07,1,Þróttur R.,FHL,14,1,1,2.5e-4
2025-09-12,1,FH,Víkingur R.,0,0,97,0.02425
2025-09-12,1,FH,Víkingur R.,0,1,97,0.02425
2025-09-12,1,FH,Víkingur R.,0,2,56,0.014
2025-09-12,1,FH,Víkingur R.,0,3,32,0.008
2025-09-12,1,FH,Víkingur R.,0,4,10,0.0025
2025-09-12,1,FH,Víkingur R.,0,5,1,2.5e-4
2025-09-12,1,FH,Víkingur R.,0,6,1,2.5e-4
2025-09-12,1,FH,Víkingur R.,1,0,148,0.037
2025-09-12,1,FH,Víkingur R.,1,1,199,0.04975
2025-09-12,1,FH,Víkingur R.,1,2,144,0.036
2025-09-12,1,FH,Víkingur R.,1,3,71,0.01775
2025-09-12,1,FH,Víkingur R.,1,4,26,0.0065
2025-09-12,1,FH,Víkingur R.,1,5,11,0.00275
2025-09-12,1,FH,Víkingur R.,1,6,3,7.5e-4
2025-09-12,1,FH,Víkingur R.,1,7,1,2.5e-4
2025-09-12,1,FH,Víkingur R.,2,0,208,0.052
2025-09-12,1,FH,Víkingur R.,2,1,275,0.06875
2025-09-12,1,FH,Víkingur R.,2,2,193,0.04825
2025-09-12,1,FH,Víkingur R.,2,3,98,0.0245
2025-09-12,1,FH,Víkingur R.,2,4,38,0.0095
2025-09-12,1,FH,Víkingur R.,2,5,15,0.00375
2025-09-12,1,FH,Víkingur R.,2,6,4,0.001
2025-09-12,1,FH,Víkingur R.,2,7,1,2.5e-4
2025-09-12,1,FH,Víkingur R.,2,8,2,5e-4
2025-09-12,1,FH,Víkingur R.,3,0,220,0.055
2025-09-12,1,FH,Víkingur R.,3,1,233,0.05825
2025-09-12,1,FH,Víkingur R.,3,2,159,0.03975
2025-09-12,1,FH,Víkingur R.,3,3,105,0.02625
2025-09-12,1,FH,Víkingur R.,3,4,41,0.01025
2025-09-12,1,FH,Víkingur R.,3,5,18,0.0045
2025-09-12,1,FH,Víkingur R.,3,6,5,0.00125
2025-09-12,1,FH,Víkingur R.,3,7,1,2.5e-4
2025-09-12,1,FH,Víkingur R.,4,0,162,0.0405
2025-09-12,1,FH,Víkingur R.,4,1,206,0.0515
2025-09-12,1,FH,Víkingur R.,4,2,131,0.03275
2025-09-12,1,FH,Víkingur R.,4,3,68,0.017
2025-09-12,1,FH,Víkingur R.,4,4,33,0.00825
2025-09-12,1,FH,Víkingur R.,4,5,12,0.003
2025-09-12,1,FH,Víkingur R.,4,6,3,7.5e-4
2025-09-12,1,FH,Víkingur R.,4,7,3,7.5e-4
2025-09-12,1,FH,Víkingur R.,5,0,98,0.0245
2025-09-12,1,FH,Víkingur R.,5,1,123,0.03075
2025-09-12,1,FH,Víkingur R.,5,2,89,0.02225
2025-09-12,1,FH,Víkingur R.,5,3,55,0.01375
2025-09-12,1,FH,Víkingur R.,5,4,20,0.005
2025-09-12,1,FH,Víkingur R.,5,5,10,0.0025
2025-09-12,1,FH,Víkingur R.,5,6,3,7.5e-4
2025-09-12,1,FH,Víkingur R.,5,7,1,2.5e-4
2025-09-12,1,FH,Víkingur R.,6,0,56,0.014
2025-09-12,1,FH,Víkingur R.,6,1,77,0.01925
2025-09-12,1,FH,Víkingur R.,6,2,66,0.0165
2025-09-12,1,FH,Víkingur R.,6,3,19,0.00475
2025-09-12,1,FH,Víkingur R.,6,4,14,0.0035
2025-09-12,1,FH,Víkingur R.,6,5,5,0.00125
2025-09-12,1,FH,Víkingur R.,6,6,1,2.5e-4
2025-09-12,1,FH,Víkingur R.,7,0,19,0.00475
2025-09-12,1,FH,Víkingur R.,7,1,52,0.013
2025-09-12,1,FH,Víkingur R.,7,2,27,0.00675
2025-09-12,1,FH,Víkingur R.,7,3,12,0.003
2025-09-12,1,FH,Víkingur R.,7,4,11,0.00275
2025-09-12,1,FH,Víkingur R.,7,5,3,7.5e-4
2025-09-12,1,FH,Víkingur R.,7,6,1,2.5e-4
2025-09-12,1,FH,Víkingur R.,7,7,1,2.5e-4
2025-09-12,1,FH,Víkingur R.,8,0,7,0.00175
2025-09-12,1,FH,Víkingur R.,8,1,25,0.00625
2025-09-12,1,FH,Víkingur R.,8,2,18,0.0045
2025-09-12,1,FH,Víkingur R.,8,3,9,0.00225
2025-09-12,1,FH,Víkingur R.,8,4,6,0.0015
2025-09-12,1,FH,Víkingur R.,8,5,1,2.5e-4
2025-09-12,1,FH,Víkingur R.,9,0,3,7.5e-4
2025-09-12,1,FH,Víkingur R.,9,1,7,0.00175
2025-09-12,1,FH,Víkingur R.,9,2,4,0.001
2025-09-12,1,FH,Víkingur R.,9,3,4,0.001
2025-09-12,1,FH,Víkingur R.,9,4,2,5e-4
2025-09-12,1,FH,Víkingur R.,10,0,1,2.5e-4
2025-09-12,1,FH,Víkingur R.,10,2,7,0.00175
2025-09-12,1,FH,Víkingur R.,10,4,1,2.5e-4
2025-09-12,1,FH,Víkingur R.,11,0,1,2.5e-4
2025-09-12,1,FH,Víkingur R.,11,1,3,7.5e-4
2025-09-12,1,FH,Víkingur R.,11,2,3,7.5e-4
2025-09-12,1,FH,Víkingur R.,12,1,1,2.5e-4
2025-09-12,1,FH,Víkingur R.,12,5,1,2.5e-4
2025-09-12,1,FH,Víkingur R.,13,0,2,5e-4
2025-09-12,1,Stjarnan,Fram,0,0,139,0.03475
2025-09-12,1,Stjarnan,Fram,0,1,98,0.0245
2025-09-12,1,Stjarnan,Fram,0,2,63,0.01575
2025-09-12,1,Stjarnan,Fram,0,3,10,0.0025
2025-09-12,1,Stjarnan,Fram,0,4,6,0.0015
2025-09-12,1,Stjarnan,Fram,0,5,2,5e-4
2025-09-12,1,Stjarnan,Fram,1,0,253,0.06325
2025-09-12,1,Stjarnan,Fram,1,1,262,0.0655
2025-09-12,1,Stjarnan,Fram,1,2,137,0.03425
2025-09-12,1,Stjarnan,Fram,1,3,48,0.012
2025-09-12,1,Stjarnan,Fram,1,4,19,0.00475
2025-09-12,1,Stjarnan,Fram,1,5,4,0.001
2025-09-12,1,Stjarnan,Fram,1,6,1,2.5e-4
2025-09-12,1,Stjarnan,Fram,2,0,312,0.078
2025-09-12,1,Stjarnan,Fram,2,1,330,0.0825
2025-09-12,1,Stjarnan,Fram,2,2,163,0.04075
2025-09-12,1,Stjarnan,Fram,2,3,77,0.01925
2025-09-12,1,Stjarnan,Fram,2,4,28,0.007
2025-09-12,1,Stjarnan,Fram,2,5,5,0.00125
2025-09-12,1,Stjarnan,Fram,2,6,1,2.5e-4
2025-09-12,1,Stjarnan,Fram,2,9,1,2.5e-4
2025-09-12,1,Stjarnan,Fram,3,0,303,0.07575
2025-09-12,1,Stjarnan,Fram,3,1,244,0.061
2025-09-12,1,Stjarnan,Fram,3,2,145,0.03625
2025-09-12,1,Stjarnan,Fram,3,3,65,0.01625
2025-09-12,1,Stjarnan,Fram,3,4,21,0.00525
2025-09-12,1,Stjarnan,Fram,3,5,4,0.001
2025-09-12,1,Stjarnan,Fram,3,7,1,2.5e-4
2025-09-12,1,Stjarnan,Fram,4,0,177,0.04425
2025-09-12,1,Stjarnan,Fram,4,1,186,0.0465
2025-09-12,1,Stjarnan,Fram,4,2,130,0.0325
2025-09-12,1,Stjarnan,Fram,4,3,57,0.01425
2025-09-12,1,Stjarnan,Fram,4,4,8,0.002
2025-09-12,1,Stjarnan,Fram,4,5,5,0.00125
2025-09-12,1,Stjarnan,Fram,4,6,2,5e-4
2025-09-12,1,Stjarnan,Fram,5,0,95,0.02375
2025-09-12,1,Stjarnan,Fram,5,1,121,0.03025
2025-09-12,1,Stjarnan,Fram,5,2,62,0.0155
2025-09-12,1,Stjarnan,Fram,5,3,24,0.006
2025-09-12,1,Stjarnan,Fram,5,4,12,0.003
2025-09-12,1,Stjarnan,Fram,5,5,3,7.5e-4
2025-09-12,1,Stjarnan,Fram,5,6,1,2.5e-4
2025-09-12,1,Stjarnan,Fram,5,7,1,2.5e-4
2025-09-12,1,Stjarnan,Fram,6,0,84,0.021
2025-09-12,1,Stjarnan,Fram,6,1,58,0.0145
2025-09-12,1,Stjarnan,Fram,6,2,34,0.0085
2025-09-12,1,Stjarnan,Fram,6,3,14,0.0035
2025-09-12,1,Stjarnan,Fram,6,4,11,0.00275
2025-09-12,1,Stjarnan,Fram,7,0,24,0.006
2025-09-12,1,Stjarnan,Fram,7,1,36,0.009
2025-09-12,1,Stjarnan,Fram,7,2,17,0.00425
2025-09-12,1,Stjarnan,Fram,7,3,8,0.002
2025-09-12,1,Stjarnan,Fram,7,4,3,7.5e-4
2025-09-12,1,Stjarnan,Fram,7,5,2,5e-4
2025-09-12,1,Stjarnan,Fram,7,6,1,2.5e-4
2025-09-12,1,Stjarnan,Fram,8,0,13,0.00325
2025-09-12,1,Stjarnan,Fram,8,1,13,0.00325
2025-09-12,1,Stjarnan,Fram,8,2,8,0.002
2025-09-12,1,Stjarnan,Fram,8,3,3,7.5e-4
2025-09-12,1,Stjarnan,Fram,9,0,7,0.00175
2025-09-12,1,Stjarnan,Fram,9,1,15,0.00375
2025-09-12,1,Stjarnan,Fram,9,2,6,0.0015
2025-09-12,1,Stjarnan,Fram,9,3,2,5e-4
2025-09-12,1,Stjarnan,Fram,9,5,1,2.5e-4
2025-09-12,1,Stjarnan,Fram,10,0,3,7.5e-4
2025-09-12,1,Stjarnan,Fram,10,1,2,5e-4
2025-09-12,1,Stjarnan,Fram,10,2,1,2.5e-4
2025-09-12,1,Stjarnan,Fram,11,0,1,2.5e-4
2025-09-12,1,Stjarnan,Fram,11,1,3,7.5e-4
2025-09-12,1,Stjarnan,Fram,12,0,1,2.5e-4
2025-09-12,1,Stjarnan,Fram,13,0,1,2.5e-4
2025-09-12,1,Stjarnan,Fram,13,1,1,2.5e-4
2025-09-12,1,Stjarnan,Fram,13,2,1,2.5e-4
2025-09-12,1,Þór/KA,Þróttur R.,0,0,209,0.05225
2025-09-12,1,Þór/KA,Þróttur R.,0,1,257,0.06425
2025-09-12,1,Þór/KA,Þróttur R.,0,2,213,0.05325
2025-09-12,1,Þór/KA,Þróttur R.,0,3,118,0.0295
2025-09-12,1,Þór/KA,Þróttur R.,0,4,55,0.01375
2025-09-12,1,Þór/KA,Þróttur R.,0,5,25,0.00625
2025-09-12,1,Þór/KA,Þróttur R.,0,6,8,0.002
2025-09-12,1,Þór/KA,Þróttur R.,0,7,2,5e-4
2025-09-12,1,Þór/KA,Þróttur R.,0,8,1,2.5e-4
2025-09-12,1,Þór/KA,Þróttur R.,1,0,257,0.06425
2025-09-12,1,Þór/KA,Þróttur R.,1,1,403,0.10075
2025-09-12,1,Þór/KA,Þróttur R.,1,2,309,0.07725
2025-09-12,1,Þór/KA,Þróttur R.,1,3,167,0.04175
2025-09-12,1,Þór/KA,Þróttur R.,1,4,86,0.0215
2025-09-12,1,Þór/KA,Þróttur R.,1,5,33,0.00825
2025-09-12,1,Þór/KA,Þróttur R.,1,6,15,0.00375
2025-09-12,1,Þór/KA,Þróttur R.,1,7,4,0.001
2025-09-12,1,Þór/KA,Þróttur R.,1,8,1,2.5e-4
2025-09-12,1,Þór/KA,Þróttur R.,2,0,182,0.0455
2025-09-12,1,Þór/KA,Þróttur R.,2,1,273,0.06825
2025-09-12,1,Þór/KA,Þróttur R.,2,2,244,0.061
2025-09-12,1,Þór/KA,Þróttur R.,2,3,153,0.03825
2025-09-12,1,Þór/KA,Þróttur R.,2,4,73,0.01825
2025-09-12,1,Þór/KA,Þróttur R.,2,5,25,0.00625
2025-09-12,1,Þór/KA,Þróttur R.,2,6,9,0.00225
2025-09-12,1,Þór/KA,Þróttur R.,2,7,4,0.001
2025-09-12,1,Þór/KA,Þróttur R.,2,8,2,5e-4
2025-09-12,1,Þór/KA,Þróttur R.,3,0,94,0.0235
2025-09-12,1,Þór/KA,Þróttur R.,3,1,146,0.0365
2025-09-12,1,Þór/KA,Þróttur R.,3,2,120,0.03
2025-09-12,1,Þór/KA,Þróttur R.,3,3,81,0.02025
2025-09-12,1,Þór/KA,Þróttur R.,3,4,49,0.01225
2025-09-12,1,Þór/KA,Þróttur R.,3,5,13,0.00325
2025-09-12,1,Þór/KA,Þróttur R.,3,6,7,0.00175
2025-09-12,1,Þór/KA,Þróttur R.,3,7,1,2.5e-4
2025-09-12,1,Þór/KA,Þróttur R.,4,0,43,0.01075
2025-09-12,1,Þór/KA,Þróttur R.,4,1,60,0.015
2025-09-12,1,Þór/KA,Þróttur R.,4,2,62,0.0155
2025-09-12,1,Þór/KA,Þróttur R.,4,3,26,0.0065
2025-09-12,1,Þór/KA,Þróttur R.,4,4,25,0.00625
2025-09-12,1,Þór/KA,Þróttur R.,4,5,8,0.002
2025-09-12,1,Þór/KA,Þróttur R.,4,6,2,5e-4
2025-09-12,1,Þór/KA,Þróttur R.,4,7,1,2.5e-4
2025-09-12,1,Þór/KA,Þróttur R.,5,0,18,0.0045
2025-09-12,1,Þór/KA,Þróttur R.,5,1,27,0.00675
2025-09-12,1,Þór/KA,Þróttur R.,5,2,17,0.00425
2025-09-12,1,Þór/KA,Þróttur R.,5,3,9,0.00225
2025-09-12,1,Þór/KA,Þróttur R.,5,4,6,0.0015
2025-09-12,1,Þór/KA,Þróttur R.,5,5,2,5e-4
2025-09-12,1,Þór/KA,Þróttur R.,5,6,1,2.5e-4
2025-09-12,1,Þór/KA,Þróttur R.,6,0,4,0.001
2025-09-12,1,Þór/KA,Þróttur R.,6,1,7,0.00175
2025-09-12,1,Þór/KA,Þróttur R.,6,2,6,0.0015
2025-09-12,1,Þór/KA,Þróttur R.,6,3,5,0.00125
2025-09-12,1,Þór/KA,Þróttur R.,6,4,4,0.001
2025-09-12,1,Þór/KA,Þróttur R.,6,5,1,2.5e-4
2025-09-12,1,Þór/KA,Þróttur R.,6,6,2,5e-4
2025-09-12,1,Þór/KA,Þróttur R.,6,8,2,5e-4
2025-09-12,1,Þór/KA,Þróttur R.,7,0,3,7.5e-4
2025-09-12,1,Þór/KA,Þróttur R.,7,1,5,0.00125
2025-09-12,1,Þór/KA,Þróttur R.,7,2,5,0.00125
2025-09-12,1,Þór/KA,Þróttur R.,7,4,2,5e-4
2025-09-12,1,Þór/KA,Þróttur R.,7,6,1,2.5e-4
2025-09-12,1,Þór/KA,Þróttur R.,8,0,1,2.5e-4
2025-09-12,1,Þór/KA,Þróttur R.,8,1,2,5e-4
2025-09-12,1,Þór/KA,Þróttur R.,8,2,1,2.5e-4
2025-09-12,1,Þór/KA,Þróttur R.,8,3,1,2.5e-4
2025-09-12,1,Þór/KA,Þróttur R.,8,5,1,2.5e-4
2025-09-12,1,Þór/KA,Þróttur R.,9,2,1,2.5e-4
2025-09-14,1,FHL,Breiðablik,0,0,36,0.009
2025-09-14,1,FHL,Breiðablik,0,1,118,0.0295
2025-09-14,1,FHL,Breiðablik,0,2,244,0.061
2025-09-14,1,FHL,Breiðablik,0,3,349,0.08725
2025-09-14,1,FHL,Breiðablik,0,4,385,0.09625
2025-09-14,1,FHL,Breiðablik,0,5,375,0.09375
2025-09-14,1,FHL,Breiðablik,0,6,336,0.084
2025-09-14,1,FHL,Breiðablik,0,7,236,0.059
2025-09-14,1,FHL,Breiðablik,0,8,162,0.0405
2025-09-14,1,FHL,Breiðablik,0,9,92,0.023
2025-09-14,1,FHL,Breiðablik,0,10,63,0.01575
2025-09-14,1,FHL,Breiðablik,0,11,36,0.009
2025-09-14,1,FHL,Breiðablik,0,12,22,0.0055
2025-09-14,1,FHL,Breiðablik,0,13,13,0.00325
2025-09-14,1,FHL,Breiðablik,0,14,5,0.00125
2025-09-14,1,FHL,Breiðablik,0,15,2,5e-4
2025-09-14,1,FHL,Breiðablik,0,16,3,7.5e-4
2025-09-14,1,FHL,Breiðablik,1,0,12,0.003
2025-09-14,1,FHL,Breiðablik,1,1,58,0.0145
2025-09-14,1,FHL,Breiðablik,1,2,119,0.02975
2025-09-14,1,FHL,Breiðablik,1,3,167,0.04175
2025-09-14,1,FHL,Breiðablik,1,4,186,0.0465
2025-09-14,1,FHL,Breiðablik,1,5,163,0.04075
2025-09-14,1,FHL,Breiðablik,1,6,124,0.031
2025-09-14,1,FHL,Breiðablik,1,7,122,0.0305
2025-09-14,1,FHL,Breiðablik,1,8,73,0.01825
2025-09-14,1,FHL,Breiðablik,1,9,49,0.01225
2025-09-14,1,FHL,Breiðablik,1,10,31,0.00775
2025-09-14,1,FHL,Breiðablik,1,11,15,0.00375
2025-09-14,1,FHL,Breiðablik,1,12,13,0.00325
2025-09-14,1,FHL,Breiðablik,1,13,4,0.001
2025-09-14,1,FHL,Breiðablik,1,14,2,5e-4
2025-09-14,1,FHL,Breiðablik,1,16,1,2.5e-4
2025-09-14,1,FHL,Breiðablik,1,18,1,2.5e-4
2025-09-14,1,FHL,Breiðablik,2,0,1,2.5e-4
2025-09-14,1,FHL,Breiðablik,2,1,15,0.00375
2025-09-14,1,FHL,Breiðablik,2,2,34,0.0085
2025-09-14,1,FHL,Breiðablik,2,3,46,0.0115
2025-09-14,1,FHL,Breiðablik,2,4,45,0.01125
2025-09-14,1,FHL,Breiðablik,2,5,33,0.00825
2025-09-14,1,FHL,Breiðablik,2,6,50,0.0125
2025-09-14,1,FHL,Breiðablik,2,7,30,0.0075
2025-09-14,1,FHL,Breiðablik,2,8,24,0.006
2025-09-14,1,FHL,Breiðablik,2,9,12,0.003
2025-09-14,1,FHL,Breiðablik,2,10,10,0.0025
2025-09-14,1,FHL,Breiðablik,2,11,2,5e-4
2025-09-14,1,FHL,Breiðablik,2,12,3,7.5e-4
2025-09-14,1,FHL,Breiðablik,2,13,1,2.5e-4
2025-09-14,1,FHL,Breiðablik,2,14,1,2.5e-4
2025-09-14,1,FHL,Breiðablik,2,16,1,2.5e-4
2025-09-14,1,FHL,Breiðablik,3,0,1,2.5e-4
2025-09-14,1,FHL,Breiðablik,3,2,3,7.5e-4
2025-09-14,1,FHL,Breiðablik,3,3,10,0.0025
2025-09-14,1,FHL,Breiðablik,3,4,14,0.0035
2025-09-14,1,FHL,Breiðablik,3,5,9,0.00225
2025-09-14,1,FHL,Breiðablik,3,6,8,0.002
2025-09-14,1,FHL,Breiðablik,3,7,6,0.0015
2025-09-14,1,FHL,Breiðablik,3,8,7,0.00175
2025-09-14,1,FHL,Breiðablik,3,9,2,5e-4
2025-09-14,1,FHL,Breiðablik,3,10,2,5e-4
2025-09-14,1,FHL,Breiðablik,4,1,2,5e-4
2025-09-14,1,FHL,Breiðablik,4,3,3,7.5e-4
2025-09-14,1,FHL,Breiðablik,4,4,4,0.001
2025-09-14,1,FHL,Breiðablik,4,6,1,2.5e-4
2025-09-14,1,FHL,Breiðablik,4,9,1,2.5e-4
2025-09-14,1,FHL,Breiðablik,5,5,1,2.5e-4
2025-09-14,1,FHL,Breiðablik,5,8,1,2.5e-4
2025-09-14,1,Valur,Tindastóll,0,0,171,0.04275
2025-09-14,1,Valur,Tindastóll,0,1,103,0.02575
2025-09-14,1,Valur,Tindastóll,0,2,41,0.01025
2025-09-14,1,Valur,Tindastóll,0,3,16,0.004
2025-09-14,1,Valur,Tindastóll,0,4,2,5e-4
2025-09-14,1,Valur,Tindastóll,1,0,354,0.0885
2025-09-14,1,Valur,Tindastóll,1,1,262,0.0655
2025-09-14,1,Valur,Tindastóll,1,2,105,0.02625
2025-09-14,1,Valur,Tindastóll,1,3,33,0.00825
2025-09-14,1,Valur,Tindastóll,1,4,4,0.001
2025-09-14,1,Valur,Tindastóll,1,5,2,5e-4
2025-09-14,1,Valur,Tindastóll,1,6,1,2.5e-4
2025-09-14,1,Valur,Tindastóll,2,0,462,0.1155
2025-09-14,1,Valur,Tindastóll,2,1,280,0.07
2025-09-14,1,Valur,Tindastóll,2,2,121,0.03025
2025-09-14,1,Valur,Tindastóll,2,3,30,0.0075
2025-09-14,1,Valur,Tindastóll,2,4,6,0.0015
2025-09-14,1,Valur,Tindastóll,2,5,1,2.5e-4
2025-09-14,1,Valur,Tindastóll,2,6,1,2.5e-4
2025-09-14,1,Valur,Tindastóll,2,7,1,2.5e-4
2025-09-14,1,Valur,Tindastóll,3,0,394,0.0985
2025-09-14,1,Valur,Tindastóll,3,1,284,0.071
2025-09-14,1,Valur,Tindastóll,3,2,114,0.0285
2025-09-14,1,Valur,Tindastóll,3,3,32,0.008
2025-09-14,1,Valur,Tindastóll,3,4,2,5e-4
2025-09-14,1,Valur,Tindastóll,3,5,3,7.5e-4
2025-09-14,1,Valur,Tindastóll,4,0,266,0.0665
2025-09-14,1,Valur,Tindastóll,4,1,166,0.0415
2025-09-14,1,Valur,Tindastóll,4,2,70,0.0175
2025-09-14,1,Valur,Tindastóll,4,3,27,0.00675
2025-09-14,1,Valur,Tindastóll,4,4,6,0.0015
2025-09-14,1,Valur,Tindastóll,4,6,1,2.5e-4
2025-09-14,1,Valur,Tindastóll,5,0,148,0.037
2025-09-14,1,Valur,Tindastóll,5,1,109,0.02725
2025-09-14,1,Valur,Tindastóll,5,2,40,0.01
2025-09-14,1,Valur,Tindastóll,5,3,11,0.00275
2025-09-14,1,Valur,Tindastóll,5,4,5,0.00125
2025-09-14,1,Valur,Tindastóll,5,5,1,2.5e-4
2025-09-14,1,Valur,Tindastóll,6,0,86,0.0215
2025-09-14,1,Valur,Tindastóll,6,1,61,0.01525
2025-09-14,1,Valur,Tindastóll,6,2,24,0.006
2025-09-14,1,Valur,Tindastóll,6,3,9,0.00225
2025-09-14,1,Valur,Tindastóll,6,4,1,2.5e-4
2025-09-14,1,Valur,Tindastóll,6,6,1,2.5e-4
2025-09-14,1,Valur,Tindastóll,7,0,42,0.0105
2025-09-14,1,Valur,Tindastóll,7,1,30,0.0075
2025-09-14,1,Valur,Tindastóll,7,2,9,0.00225
2025-09-14,1,Valur,Tindastóll,7,3,2,5e-4
2025-09-14,1,Valur,Tindastóll,7,4,1,2.5e-4
2025-09-14,1,Valur,Tindastóll,8,0,22,0.0055
2025-09-14,1,Valur,Tindastóll,8,1,13,0.00325
2025-09-14,1,Valur,Tindastóll,8,2,3,7.5e-4
2025-09-14,1,Valur,Tindastóll,8,3,1,2.5e-4
2025-09-14,1,Valur,Tindastóll,8,6,1,2.5e-4
2025-09-14,1,Valur,Tindastóll,9,0,3,7.5e-4
2025-09-14,1,Valur,Tindastóll,9,1,5,0.00125
2025-09-14,1,Valur,Tindastóll,9,2,2,5e-4
2025-09-14,1,Valur,Tindastóll,9,3,1,2.5e-4
2025-09-14,1,Valur,Tindastóll,10,0,2,5e-4
2025-09-14,1,Valur,Tindastóll,10,1,2,5e-4
2025-09-14,1,Valur,Tindastóll,10,3,1,2.5e-4
2025-09-14,1,Valur,Tindastóll,10,4,1,2.5e-4
2025-09-14,1,Valur,Tindastóll,11,1,1,2.5e-4
2025-09-14,1,Valur,Tindastóll,12,0,1,2.5e-4
2025-09-20,1,Breiðablik,Þór/KA,0,0,75,0.01875
2025-09-20,1,Breiðablik,Þór/KA,0,1,47,0.01175
2025-09-20,1,Breiðablik,Þór/KA,0,2,30,0.0075
2025-09-20,1,Breiðablik,Þór/KA,0,3,4,0.001
2025-09-20,1,Breiðablik,Þór/KA,1,0,197,0.04925
2025-09-20,1,Breiðablik,Þór/KA,1,1,135,0.03375
2025-09-20,1,Breiðablik,Þór/KA,1,2,84,0.021
2025-09-20,1,Breiðablik,Þór/KA,1,3,16,0.004
2025-09-20,1,Breiðablik,Þór/KA,1,4,3,7.5e-4
2025-09-20,1,Breiðablik,Þór/KA,1,5,1,2.5e-4
2025-09-20,1,Breiðablik,Þór/KA,2,0,285,0.07125
2025-09-20,1,Breiðablik,Þór/KA,2,1,232,0.058
2025-09-20,1,Breiðablik,Þór/KA,2,2,93,0.02325
2025-09-20,1,Breiðablik,Þór/KA,2,3,39,0.00975
2025-09-20,1,Breiðablik,Þór/KA,2,4,7,0.00175
2025-09-20,1,Breiðablik,Þór/KA,2,5,3,7.5e-4
2025-09-20,1,Breiðablik,Þór/KA,3,0,331,0.08275
2025-09-20,1,Breiðablik,Þór/KA,3,1,236,0.059
2025-09-20,1,Breiðablik,Þór/KA,3,2,124,0.031
2025-09-20,1,Breiðablik,Þór/KA,3,3,29,0.00725
2025-09-20,1,Breiðablik,Þór/KA,3,4,10,0.0025
2025-09-20,1,Breiðablik,Þór/KA,3,5,2,5e-4
2025-09-20,1,Breiðablik,Þór/KA,4,0,321,0.08025
2025-09-20,1,Breiðablik,Þór/KA,4,1,227,0.05675
2025-09-20,1,Breiðablik,Þór/KA,4,2,108,0.027
2025-09-20,1,Breiðablik,Þór/KA,4,3,26,0.0065
2025-09-20,1,Breiðablik,Þór/KA,4,4,14,0.0035
2025-09-20,1,Breiðablik,Þór/KA,4,5,5,0.00125
2025-09-20,1,Breiðablik,Þór/KA,4,6,1,2.5e-4
2025-09-20,1,Breiðablik,Þór/KA,5,0,250,0.0625
2025-09-20,1,Breiðablik,Þór/KA,5,1,175,0.04375
2025-09-20,1,Breiðablik,Þór/KA,5,2,67,0.01675
2025-09-20,1,Breiðablik,Þór/KA,5,3,27,0.00675
2025-09-20,1,Breiðablik,Þór/KA,5,4,6,0.0015
2025-09-20,1,Breiðablik,Þór/KA,5,5,3,7.5e-4
2025-09-20,1,Breiðablik,Þór/KA,6,0,144,0.036
2025-09-20,1,Breiðablik,Þór/KA,6,1,116,0.029
2025-09-20,1,Breiðablik,Þór/KA,6,2,61,0.01525
2025-09-20,1,Breiðablik,Þór/KA,6,3,14,0.0035
2025-09-20,1,Breiðablik,Þór/KA,6,4,2,5e-4
2025-09-20,1,Breiðablik,Þór/KA,7,0,89,0.02225
2025-09-20,1,Breiðablik,Þór/KA,7,1,64,0.016
2025-09-20,1,Breiðablik,Þór/KA,7,2,36,0.009
2025-09-20,1,Breiðablik,Þór/KA,7,3,15,0.00375
2025-09-20,1,Breiðablik,Þór/KA,7,4,2,5e-4
2025-09-20,1,Breiðablik,Þór/KA,8,0,61,0.01525
2025-09-20,1,Breiðablik,Þór/KA,8,1,39,0.00975
2025-09-20,1,Breiðablik,Þór/KA,8,2,22,0.0055
2025-09-20,1,Breiðablik,Þór/KA,8,3,3,7.5e-4
2025-09-20,1,Breiðablik,Þór/KA,8,4,1,2.5e-4
2025-09-20,1,Breiðablik,Þór/KA,8,5,1,2.5e-4
2025-09-20,1,Breiðablik,Þór/KA,9,0,25,0.00625
2025-09-20,1,Breiðablik,Þór/KA,9,1,21,0.00525
2025-09-20,1,Breiðablik,Þór/KA,9,2,10,0.0025
2025-09-20,1,Breiðablik,Þór/KA,9,3,1,2.5e-4
2025-09-20,1,Breiðablik,Þór/KA,9,4,1,2.5e-4
2025-09-20,1,Breiðablik,Þór/KA,10,0,11,0.00275
2025-09-20,1,Breiðablik,Þór/KA,10,1,12,0.003
2025-09-20,1,Breiðablik,Þór/KA,10,2,2,5e-4
2025-09-20,1,Breiðablik,Þór/KA,10,3,1,2.5e-4
2025-09-20,1,Breiðablik,Þór/KA,10,4,3,7.5e-4
2025-09-20,1,Breiðablik,Þór/KA,11,0,9,0.00225
2025-09-20,1,Breiðablik,Þór/KA,11,1,8,0.002
2025-09-20,1,Breiðablik,Þór/KA,11,2,3,7.5e-4
2025-09-20,1,Breiðablik,Þór/KA,11,3,1,2.5e-4
2025-09-20,1,Breiðablik,Þór/KA,12,0,3,7.5e-4
2025-09-20,1,Breiðablik,Þór/KA,12,1,1,2.5e-4
2025-09-20,1,Breiðablik,Þór/KA,13,0,1,2.5e-4
2025-09-20,1,Breiðablik,Þór/KA,13,1,1,2.5e-4
2025-09-20,1,Breiðablik,Þór/KA,14,0,1,2.5e-4
2025-09-20,1,Breiðablik,Þór/KA,14,1,1,2.5e-4
2025-09-20,1,Breiðablik,Þór/KA,14,2,1,2.5e-4
2025-09-20,1,Fram,Valur,0,0,110,0.0275
2025-09-20,1,Fram,Valur,0,1,253,0.06325
2025-09-20,1,Fram,Valur,0,2,296,0.074
2025-09-20,1,Fram,Valur,0,3,283,0.07075
2025-09-20,1,Fram,Valur,0,4,200,0.05
2025-09-20,1,Fram,Valur,0,5,83,0.02075
2025-09-20,1,Fram,Valur,0,6,74,0.0185
2025-09-20,1,Fram,Valur,0,7,23,0.00575
2025-09-20,1,Fram,Valur,0,8,5,0.00125
2025-09-20,1,Fram,Valur,0,9,7,0.00175
2025-09-20,1,Fram,Valur,0,10,2,5e-4
2025-09-20,1,Fram,Valur,0,11,3,7.5e-4
2025-09-20,1,Fram,Valur,0,12,1,2.5e-4
2025-09-20,1,Fram,Valur,1,0,98,0.0245
2025-09-20,1,Fram,Valur,1,1,261,0.06525
2025-09-20,1,Fram,Valur,1,2,305,0.07625
2025-09-20,1,Fram,Valur,1,3,272,0.068
2025-09-20,1,Fram,Valur,1,4,199,0.04975
2025-09-20,1,Fram,Valur,1,5,108,0.027
2025-09-20,1,Fram,Valur,1,6,56,0.014
2025-09-20,1,Fram,Valur,1,7,31,0.00775
2025-09-20,1,Fram,Valur,1,8,14,0.0035
2025-09-20,1,Fram,Valur,1,9,10,0.0025
2025-09-20,1,Fram,Valur,1,10,3,7.5e-4
2025-09-20,1,Fram,Valur,1,11,2,5e-4
2025-09-20,1,Fram,Valur,2,0,52,0.013
2025-09-20,1,Fram,Valur,2,1,130,0.0325
2025-09-20,1,Fram,Valur,2,2,211,0.05275
2025-09-20,1,Fram,Valur,2,3,142,0.0355
2025-09-20,1,Fram,Valur,2,4,110,0.0275
2025-09-20,1,Fram,Valur,2,5,62,0.0155
2025-09-20,1,Fram,Valur,2,6,40,0.01
2025-09-20,1,Fram,Valur,2,7,13,0.00325
2025-09-20,1,Fram,Valur,2,8,6,0.0015
2025-09-20,1,Fram,Valur,2,9,2,5e-4
2025-09-20,1,Fram,Valur,2,10,1,2.5e-4
2025-09-20,1,Fram,Valur,2,11,1,2.5e-4
2025-09-20,1,Fram,Valur,3,0,17,0.00425
2025-09-20,1,Fram,Valur,3,1,66,0.0165
2025-09-20,1,Fram,Valur,3,2,78,0.0195
2025-09-20,1,Fram,Valur,3,3,70,0.0175
2025-09-20,1,Fram,Valur,3,4,56,0.014
2025-09-20,1,Fram,Valur,3,5,33,0.00825
2025-09-20,1,Fram,Valur,3,6,17,0.00425
2025-09-20,1,Fram,Valur,3,7,8,0.002
2025-09-20,1,Fram,Valur,3,8,3,7.5e-4
2025-09-20,1,Fram,Valur,3,9,2,5e-4
2025-09-20,1,Fram,Valur,3,10,3,7.5e-4
2025-09-20,1,Fram,Valur,3,12,1,2.5e-4
2025-09-20,1,Fram,Valur,4,0,12,0.003
2025-09-20,1,Fram,Valur,4,1,30,0.0075
2025-09-20,1,Fram,Valur,4,2,19,0.00475
2025-09-20,1,Fram,Valur,4,3,24,0.006
2025-09-20,1,Fram,Valur,4,4,13,0.00325
2025-09-20,1,Fram,Valur,4,5,9,0.00225
2025-09-20,1,Fram,Valur,4,6,4,0.001
2025-09-20,1,Fram,Valur,4,7,4,0.001
2025-09-20,1,Fram,Valur,4,8,3,7.5e-4
2025-09-20,1,Fram,Valur,5,0,3,7.5e-4
2025-09-20,1,Fram,Valur,5,1,7,0.00175
2025-09-20,1,Fram,Valur,5,2,10,0.0025
2025-09-20,1,Fram,Valur,5,3,7,0.00175
2025-09-20,1,Fram,Valur,5,4,7,0.00175
2025-09-20,1,Fram,Valur,5,5,1,2.5e-4
2025-09-20,1,Fram,Valur,5,6,1,2.5e-4
2025-09-20,1,Fram,Valur,5,7,2,5e-4
2025-09-20,1,Fram,Valur,5,8,1,2.5e-4
2025-09-20,1,Fram,Valur,6,0,1,2.5e-4
2025-09-20,1,Fram,Valur,6,1,3,7.5e-4
2025-09-20,1,Fram,Valur,6,2,5,0.00125
2025-09-20,1,Fram,Valur,6,3,1,2.5e-4
2025-09-20,1,Fram,Valur,6,5,2,5e-4
2025-09-20,1,Fram,Valur,6,6,1,2.5e-4
2025-09-20,1,Fram,Valur,7,1,2,5e-4
2025-09-20,1,Fram,Valur,7,2,1,2.5e-4
2025-09-20,1,Fram,Valur,7,3,2,5e-4
2025-09-20,1,Fram,Valur,7,6,1,2.5e-4
2025-09-20,1,Fram,Valur,10,1,1,2.5e-4
2025-09-20,1,Tindastóll,FH,0,0,129,0.03225
2025-09-20,1,Tindastóll,FH,0,1,264,0.066
2025-09-20,1,Tindastóll,FH,0,2,312,0.078
2025-09-20,1,Tindastóll,FH,0,3,263,0.06575
2025-09-20,1,Tindastóll,FH,0,4,152,0.038
2025-09-20,1,Tindastóll,FH,0,5,93,0.02325
2025-09-20,1,Tindastóll,FH,0,6,52,0.013
2025-09-20,1,Tindastóll,FH,0,7,22,0.0055
2025-09-20,1,Tindastóll,FH,0,8,16,0.004
2025-09-20,1,Tindastóll,FH,0,9,5,0.00125
2025-09-20,1,Tindastóll,FH,0,10,3,7.5e-4
2025-09-20,1,Tindastóll,FH,0,11,1,2.5e-4
2025-09-20,1,Tindastóll,FH,1,0,104,0.026
2025-09-20,1,Tindastóll,FH,1,1,274,0.0685
2025-09-20,1,Tindastóll,FH,1,2,308,0.077
2025-09-20,1,Tindastóll,FH,1,3,265,0.06625
2025-09-20,1,Tindastóll,FH,1,4,221,0.05525
2025-09-20,1,Tindastóll,FH,1,5,104,0.026
2025-09-20,1,Tindastóll,FH,1,6,67,0.01675
2025-09-20,1,Tindastóll,FH,1,7,33,0.00825
2025-09-20,1,Tindastóll,FH,1,8,12,0.003
2025-09-20,1,Tindastóll,FH,1,9,1,2.5e-4
2025-09-20,1,Tindastóll,FH,1,10,3,7.5e-4
2025-09-20,1,Tindastóll,FH,1,13,1,2.5e-4
2025-09-20,1,Tindastóll,FH,2,0,71,0.01775
2025-09-20,1,Tindastóll,FH,2,1,161,0.04025
2025-09-20,1,Tindastóll,FH,2,2,183,0.04575
2025-09-20,1,Tindastóll,FH,2,3,161,0.04025
2025-09-20,1,Tindastóll,FH,2,4,110,0.0275
2025-09-20,1,Tindastóll,FH,2,5,64,0.016
2025-09-20,1,Tindastóll,FH,2,6,39,0.00975
2025-09-20,1,Tindastóll,FH,2,7,16,0.004
2025-09-20,1,Tindastóll,FH,2,8,8,0.002
2025-09-20,1,Tindastóll,FH,2,9,4,0.001
2025-09-20,1,Tindastóll,FH,2,10,1,2.5e-4
2025-09-20,1,Tindastóll,FH,3,0,24,0.006
2025-09-20,1,Tindastóll,FH,3,1,46,0.0115
2025-09-20,1,Tindastóll,FH,3,2,72,0.018
2025-09-20,1,Tindastóll,FH,3,3,66,0.0165
2025-09-20,1,Tindastóll,FH,3,4,39,0.00975
2025-09-20,1,Tindastóll,FH,3,5,26,0.0065
2025-09-20,1,Tindastóll,FH,3,6,16,0.004
2025-09-20,1,Tindastóll,FH,3,7,9,0.00225
2025-09-20,1,Tindastóll,FH,3,8,2,5e-4
2025-09-20,1,Tindastóll,FH,3,9,1,2.5e-4
2025-09-20,1,Tindastóll,FH,3,11,1,2.5e-4
2025-09-20,1,Tindastóll,FH,4,0,5,0.00125
2025-09-20,1,Tindastóll,FH,4,1,19,0.00475
2025-09-20,1,Tindastóll,FH,4,2,23,0.00575
2025-09-20,1,Tindastóll,FH,4,3,25,0.00625
2025-09-20,1,Tindastóll,FH,4,4,15,0.00375
2025-09-20,1,Tindastóll,FH,4,5,18,0.0045
2025-09-20,1,Tindastóll,FH,4,6,6,0.0015
2025-09-20,1,Tindastóll,FH,4,7,1,2.5e-4
2025-09-20,1,Tindastóll,FH,4,8,2,5e-4
2025-09-20,1,Tindastóll,FH,5,0,2,5e-4
2025-09-20,1,Tindastóll,FH,5,1,6,0.0015
2025-09-20,1,Tindastóll,FH,5,2,10,0.0025
2025-09-20,1,Tindastóll,FH,5,3,11,0.00275
2025-09-20,1,Tindastóll,FH,5,4,3,7.5e-4
2025-09-20,1,Tindastóll,FH,5,5,5,0.00125
2025-09-20,1,Tindastóll,FH,5,6,3,7.5e-4
2025-09-20,1,Tindastóll,FH,5,7,1,2.5e-4
2025-09-20,1,Tindastóll,FH,5,9,2,5e-4
2025-09-20,1,Tindastóll,FH,6,0,1,2.5e-4
2025-09-20,1,Tindastóll,FH,6,1,2,5e-4
2025-09-20,1,Tindastóll,FH,6,2,4,0.001
2025-09-20,1,Tindastóll,FH,6,3,3,7.5e-4
2025-09-20,1,Tindastóll,FH,6,4,2,5e-4
2025-09-20,1,Tindastóll,FH,6,5,1,2.5e-4
2025-09-20,1,Tindastóll,FH,7,3,2,5e-4
2025-09-20,1,Tindastóll,FH,7,4,1,2.5e-4
2025-09-20,1,Tindastóll,FH,7,6,1,2.5e-4
2025-09-20,1,Tindastóll,FH,10,0,1,2.5e-4
2025-09-20,1,Víkingur R.,FHL,0,0,114,0.0285
2025-09-20,1,Víkingur R.,FHL,0,1,69,0.01725
2025-09-20,1,Víkingur R.,FHL,0,2,22,0.0055
2025-09-20,1,Víkingur R.,FHL,0,3,7,0.00175
2025-09-20,1,Víkingur R.,FHL,0,5,2,5e-4
2025-09-20,1,Víkingur R.,FHL,1,0,306,0.0765
2025-09-20,1,Víkingur R.,FHL,1,1,186,0.0465
2025-09-20,1,Víkingur R.,FHL,1,2,72,0.018
2025-09-20,1,Víkingur R.,FHL,1,3,18,0.0045
2025-09-20,1,Víkingur R.,FHL,1,4,1,2.5e-4
2025-09-20,1,Víkingur R.,FHL,2,0,393,0.09825
2025-09-20,1,Víkingur R.,FHL,2,1,251,0.06275
2025-09-20,1,Víkingur R.,FHL,2,2,113,0.02825
2025-09-20,1,Víkingur R.,FHL,2,3,30,0.0075
2025-09-20,1,Víkingur R.,FHL,2,4,4,0.001
2025-09-20,1,Víkingur R.,FHL,2,5,1,2.5e-4
2025-09-20,1,Víkingur R.,FHL,2,6,1,2.5e-4
2025-09-20,1,Víkingur R.,FHL,3,0,408,0.102
2025-09-20,1,Víkingur R.,FHL,3,1,258,0.0645
2025-09-20,1,Víkingur R.,FHL,3,2,97,0.02425
2025-09-20,1,Víkingur R.,FHL,3,3,23,0.00575
2025-09-20,1,Víkingur R.,FHL,3,4,4,0.001
2025-09-20,1,Víkingur R.,FHL,3,5,1,2.5e-4
2025-09-20,1,Víkingur R.,FHL,4,0,315,0.07875
2025-09-20,1,Víkingur R.,FHL,4,1,199,0.04975
2025-09-20,1,Víkingur R.,FHL,4,2,74,0.0185
2025-09-20,1,Víkingur R.,FHL,4,3,15,0.00375
2025-09-20,1,Víkingur R.,FHL,4,4,4,0.001
2025-09-20,1,Víkingur R.,FHL,4,5,1,2.5e-4
2025-09-20,1,Víkingur R.,FHL,5,0,226,0.0565
2025-09-20,1,Víkingur R.,FHL,5,1,140,0.035
2025-09-20,1,Víkingur R.,FHL,5,2,51,0.01275
2025-09-20,1,Víkingur R.,FHL,5,3,11,0.00275
2025-09-20,1,Víkingur R.,FHL,5,4,1,2.5e-4
2025-09-20,1,Víkingur R.,FHL,5,5,1,2.5e-4
2025-09-20,1,Víkingur R.,FHL,6,0,123,0.03075
2025-09-20,1,Víkingur R.,FHL,6,1,92,0.023
2025-09-20,1,Víkingur R.,FHL,6,2,36,0.009
2025-09-20,1,Víkingur R.,FHL,6,3,7,0.00175
2025-09-20,1,Víkingur R.,FHL,6,4,4,0.001
2025-09-20,1,Víkingur R.,FHL,7,0,69,0.01725
2025-09-20,1,Víkingur R.,FHL,7,1,54,0.0135
2025-09-20,1,Víkingur R.,FHL,7,2,16,0.004
2025-09-20,1,Víkingur R.,FHL,7,3,3,7.5e-4
2025-09-20,1,Víkingur R.,FHL,7,4,1,2.5e-4
2025-09-20,1,Víkingur R.,FHL,7,5,1,2.5e-4
2025-09-20,1,Víkingur R.,FHL,8,0,51,0.01275
2025-09-20,1,Víkingur R.,FHL,8,1,22,0.0055
2025-09-20,1,Víkingur R.,FHL,8,2,9,0.00225
2025-09-20,1,Víkingur R.,FHL,8,3,5,0.00125
2025-09-20,1,Víkingur R.,FHL,8,4,1,2.5e-4
2025-09-20,1,Víkingur R.,FHL,9,0,33,0.00825
2025-09-20,1,Víkingur R.,FHL,9,1,8,0.002
2025-09-20,1,Víkingur R.,FHL,9,2,1,2.5e-4
2025-09-20,1,Víkingur R.,FHL,9,3,5,0.00125
2025-09-20,1,Víkingur R.,FHL,9,4,1,2.5e-4
2025-09-20,1,Víkingur R.,FHL,10,0,12,0.003
2025-09-20,1,Víkingur R.,FHL,10,1,5,0.00125
2025-09-20,1,Víkingur R.,FHL,10,2,2,5e-4
2025-09-20,1,Víkingur R.,FHL,10,3,1,2.5e-4
2025-09-20,1,Víkingur R.,FHL,10,4,1,2.5e-4
2025-09-20,1,Víkingur R.,FHL,11,0,3,7.5e-4
2025-09-20,1,Víkingur R.,FHL,11,1,3,7.5e-4
2025-09-20,1,Víkingur R.,FHL,11,2,2,5e-4
2025-09-20,1,Víkingur R.,FHL,11,3,1,2.5e-4
2025-09-20,1,Víkingur R.,FHL,12,0,3,7.5e-4
2025-09-20,1,Víkingur R.,FHL,12,1,1,2.5e-4
2025-09-20,1,Víkingur R.,FHL,12,2,2,5e-4
2025-09-20,1,Víkingur R.,FHL,13,0,1,2.5e-4
2025-09-20,1,Víkingur R.,FHL,13,1,1,2.5e-4
2025-09-20,1,Víkingur R.,FHL,15,0,1,2.5e-4
2025-09-20,1,Þróttur R.,Stjarnan,0,0,224,0.056
2025-09-20,1,Þróttur R.,Stjarnan,0,1,172,0.043
2025-09-20,1,Þróttur R.,Stjarnan,0,2,79,0.01975
2025-09-20,1,Þróttur R.,Stjarnan,0,3,33,0.00825
2025-09-20,1,Þróttur R.,Stjarnan,0,4,5,0.00125
2025-09-20,1,Þróttur R.,Stjarnan,0,5,1,2.5e-4
2025-09-20,1,Þróttur R.,Stjarnan,1,0,409,0.10225
2025-09-20,1,Þróttur R.,Stjarnan,1,1,341,0.08525
2025-09-20,1,Þróttur R.,Stjarnan,1,2,166,0.0415
2025-09-20,1,Þróttur R.,Stjarnan,1,3,55,0.01375
2025-09-20,1,Þróttur R.,Stjarnan,1,4,12,0.003
2025-09-20,1,Þróttur R.,Stjarnan,1,5,3,7.5e-4
2025-09-20,1,Þróttur R.,Stjarnan,1,7,1,2.5e-4
2025-09-20,1,Þróttur R.,Stjarnan,2,0,399,0.09975
2025-09-20,1,Þróttur R.,Stjarnan,2,1,344,0.086
2025-09-20,1,Þróttur R.,Stjarnan,2,2,195,0.04875
2025-09-20,1,Þróttur R.,Stjarnan,2,3,46,0.0115
2025-09-20,1,Þróttur R.,Stjarnan,2,4,19,0.00475
2025-09-20,1,Þróttur R.,Stjarnan,2,5,4,0.001
2025-09-20,1,Þróttur R.,Stjarnan,2,6,1,2.5e-4
2025-09-20,1,Þróttur R.,Stjarnan,3,0,289,0.07225
2025-09-20,1,Þróttur R.,Stjarnan,3,1,236,0.059
2025-09-20,1,Þróttur R.,Stjarnan,3,2,131,0.03275
2025-09-20,1,Þróttur R.,Stjarnan,3,3,44,0.011
2025-09-20,1,Þróttur R.,Stjarnan,3,4,10,0.0025
2025-09-20,1,Þróttur R.,Stjarnan,3,5,2,5e-4
2025-09-20,1,Þróttur R.,Stjarnan,3,6,1,2.5e-4
2025-09-20,1,Þróttur R.,Stjarnan,4,0,153,0.03825
2025-09-20,1,Þróttur R.,Stjarnan,4,1,139,0.03475
2025-09-20,1,Þróttur R.,Stjarnan,4,2,47,0.01175
2025-09-20,1,Þróttur R.,Stjarnan,4,3,25,0.00625
2025-09-20,1,Þróttur R.,Stjarnan,4,4,12,0.003
2025-09-20,1,Þróttur R.,Stjarnan,4,5,1,2.5e-4
2025-09-20,1,Þróttur R.,Stjarnan,4,6,1,2.5e-4
2025-09-20,1,Þróttur R.,Stjarnan,5,0,83,0.02075
2025-09-20,1,Þróttur R.,Stjarnan,5,1,75,0.01875
2025-09-20,1,Þróttur R.,Stjarnan,5,2,38,0.0095
2025-09-20,1,Þróttur R.,Stjarnan,5,3,16,0.004
2025-09-20,1,Þróttur R.,Stjarnan,5,4,5,0.00125
2025-09-20,1,Þróttur R.,Stjarnan,5,5,2,5e-4
2025-09-20,1,Þróttur R.,Stjarnan,6,0,42,0.0105
2025-09-20,1,Þróttur R.,Stjarnan,6,1,30,0.0075
2025-09-20,1,Þróttur R.,Stjarnan,6,2,25,0.00625
2025-09-20,1,Þróttur R.,Stjarnan,6,3,7,0.00175
2025-09-20,1,Þróttur R.,Stjarnan,6,4,1,2.5e-4
2025-09-20,1,Þróttur R.,Stjarnan,6,5,1,2.5e-4
2025-09-20,1,Þróttur R.,Stjarnan,6,6,1,2.5e-4
2025-09-20,1,Þróttur R.,Stjarnan,7,0,20,0.005
2025-09-20,1,Þróttur R.,Stjarnan,7,1,14,0.0035
2025-09-20,1,Þróttur R.,Stjarnan,7,2,12,0.003
2025-09-20,1,Þróttur R.,Stjarnan,7,3,3,7.5e-4
2025-09-20,1,Þróttur R.,Stjarnan,7,4,2,5e-4
2025-09-20,1,Þróttur R.,Stjarnan,8,0,8,0.002
2025-09-20,1,Þróttur R.,Stjarnan,8,1,5,0.00125
2025-09-20,1,Þróttur R.,Stjarnan,8,2,3,7.5e-4
2025-09-20,1,Þróttur R.,Stjarnan,8,3,2,5e-4
2025-09-20,1,Þróttur R.,Stjarnan,9,0,4,0.001
2025-09-20,1,Þróttur R.,Stjarnan,11,0,1,2.5e-4
