season,division,date,home,away,home_goals,away_goals,game_nr,home_timediff,away_timediff,home_round,away_round,season_first,home_nr,away_nr
2021,4,2021-04-26,ÍR,KH,2,1,1,7,7,1,1,1,38,18
2021,4,2021-04-30,Fram,Grótta,0,4,2,7,7,1,1,1,9,13
2021,4,2021-05-01,KR,HK,2,0,3,7,7,1,1,1,20,14
2021,4,2021-05-01,Afturelding,Haukar,3,1,4,7,7,1,1,1,1,17
2021,4,2021-05-01,Augnablik,ÍA,4,2,5,7,7,1,1,1,2,35
2021,4,2021-05-01,Fjölnir,Víkingur R.,1,2,6,7,7,1,1,1,8,32
2021,4,2021-05-01,FH,ÍR,10,1,7,7,5,1,2,1,6,38
2021,4,2021-05-01,Sindri,Einherji,5,0,8,7,7,1,1,1,26,5
2021,1,2021-05-04,ÍBV,Þór/KA,1,2,9,7,7,1,1,1,36,40
2021,1,2021-05-04,Breiðablik,Fylkir,9,0,10,7,7,1,1,1,3,10
2021,1,2021-05-05,Tindastóll,Þróttur R.,1,1,11,7,7,1,1,1,29,39
2021,1,2021-05-05,Valur,Stjarnan,2,1,12,7,7,1,1,1,30,28
2021,1,2021-05-05,Keflavík,Selfoss,0,3,13,7,7,1,1,1,21,25
2021,2,2021-05-06,Grótta,ÍA,2,1,14,6,5,2,2,0,13,35
2021,2,2021-05-06,Augnablik,KR,2,1,15,5,5,2,2,0,2,20
2021,2,2021-05-06,Afturelding,Grindavík,2,2,16,5,7,2,1,0,1,11
2021,2,2021-05-06,Haukar,FH,2,1,17,5,5,2,2,0,17,6
2021,2,2021-05-06,Víkingur R.,HK,3,3,18,5,5,2,2,0,32,14
2021,1,2021-05-10,ÍBV,Breiðablik,4,2,19,6,6,2,2,0,36,3
2021,1,2021-05-10,Þróttur R.,Valur,0,0,20,5,5,2,2,0,39,30
2021,1,2021-05-11,Þór/KA,Selfoss,0,2,21,7,6,2,2,0,40,25
2021,1,2021-05-11,Stjarnan,Keflavík,0,0,22,6,6,2,2,0,28,21
2021,2,2021-05-12,ÍA,Augnablik,2,1,23,6,6,3,3,0,35,2
2021,2,2021-05-12,FH,Grótta,3,1,24,6,6,3,3,0,6,13
2021,2,2021-05-12,Víkingur R.,Afturelding,1,3,25,6,6,3,3,0,32,1
2021,3,2021-05-12,Fram,Hamrarnir,4,3,26,12,7,2,1,0,9,16
2021,3,2021-05-12,KH,Hamar,7,0,27,16,7,2,1,0,18,15
2021,2,2021-05-13,HK,KR,1,4,28,7,7,3,3,0,14,20
2021,2,2021-05-13,Grindavík,Haukar,1,1,29,7,7,2,3,0,11,17
2021,3,2021-05-13,Einherji,Álftanes,0,4,30,12,7,2,1,0,5,34
2021,3,2021-05-13,FHL,ÍR,5,3,31,7,12,1,3,1,7,38
2021,3,2021-05-13,SR,Völsungur,1,2,32,7,7,1,1,1,24,33
2021,3,2021-05-14,KM,Fjölnir,0,17,33,7,13,1,2,1,19,8
2021,1,2021-05-15,Tindastóll,ÍBV,2,1,34,10,5,2,3,0,29,36
2021,1,2021-05-15,Valur,Fylkir,1,0,35,5,11,3,2,0,30,10
2021,1,2021-05-15,Keflavík,Þróttur R.,2,2,36,4,5,3,3,0,21,39
2021,1,2021-05-15,Selfoss,Stjarnan,3,1,37,4,4,3,3,0,25,28
2021,1,2021-05-15,Breiðablik,Þór/KA,3,1,38,5,4,3,3,0,3,40
2021,4,2021-05-16,KR,Augnablik,3,1,39,3,4,4,4,0,20,2
2021,4,2021-05-16,Sindri,FHL,0,2,40,15,3,2,2,0,26,7
2021,4,2021-05-16,Afturelding,Grótta,2,2,41,4,4,4,4,0,1,13
2021,4,2021-05-17,FH,Víkingur R.,1,0,42,5,5,4,4,0,6,32
2021,4,2021-05-17,Álftanes,Grindavík,0,6,43,4,4,2,3,0,34,11
2021,1,2021-05-19,Þór/KA,Stjarnan,0,1,44,4,4,4,4,0,40,28
2021,1,2021-05-19,ÍBV,Valur,2,4,45,4,4,4,4,0,36,30
2021,1,2021-05-19,Breiðablik,Tindastóll,1,0,46,4,4,4,3,0,3,29
2021,1,2021-05-19,Fylkir,Keflavík,1,1,47,4,4,3,4,0,10,21
2021,1,2021-05-19,Þróttur R.,Selfoss,3,4,48,4,4,4,4,0,39,25
2021,2,2021-05-21,KR,ÍA,4,1,49,5,9,5,4,0,20,35
2021,2,2021-05-21,Grótta,Grindavík,3,1,50,5,4,5,4,0,13,11
2021,3,2021-05-21,Hamar,KM,6,0,51,9,7,2,2,0,15,19
2021,2,2021-05-22,Haukar,Víkingur R.,0,2,52,9,5,4,5,0,17,32
2021,2,2021-05-22,Afturelding,HK,6,2,53,6,9,5,4,0,1,14
2021,2,2021-05-22,Augnablik,FH,1,4,54,6,5,5,5,0,2,6
2021,3,2021-05-22,Fjölnir,Einherji,3,0,55,8,9,3,3,0,8,5
2021,3,2021-05-22,Álftanes,FHL,1,5,56,5,6,3,3,0,34,7
2021,3,2021-05-22,Sindri,Fram,1,4,57,6,10,3,3,0,26,9
2021,3,2021-05-22,Hamrarnir,SR,2,1,58,10,9,2,2,0,16,24
2021,3,2021-05-24,Völsungur,KH,2,0,59,11,12,2,3,0,33,18
2021,1,2021-05-26,Stjarnan,Þróttur R.,1,5,60,7,7,5,5,0,28,39
2021,1,2021-05-27,Keflavík,ÍBV,1,2,61,8,8,5,5,0,21,36
2021,1,2021-05-27,Valur,Breiðablik,3,7,62,8,8,5,5,0,30,3
2021,1,2021-05-27,Selfoss,Fylkir,0,0,63,8,8,5,4,0,25,10
2021,1,2021-05-27,Tindastóll,Þór/KA,1,2,64,8,8,4,5,0,29,40
2021,2,2021-05-27,HK,ÍA,0,1,65,5,6,5,5,0,14,35
2021,3,2021-05-27,FHL,Fjölnir,5,2,66,5,5,4,4,0,7,8
2021,3,2021-05-27,ÍR,Álftanes,2,1,67,14,5,4,4,0,38,34
2021,2,2021-05-28,Augnablik,Grindavík,1,1,68,6,7,6,5,0,2,11
2021,2,2021-05-28,Afturelding,Haukar,3,1,69,6,6,6,5,0,1,17
2021,2,2021-05-28,FH,KR,0,2,70,6,7,6,6,0,6,20
2021,2,2021-05-28,Víkingur R.,Grótta,1,1,71,6,7,6,6,0,32,13
2021,3,2021-05-29,SR,Sindri,2,5,72,7,7,3,4,0,24,26
2021,3,2021-05-29,KM,Völsungur,0,11,73,8,5,3,3,0,19,33
2021,3,2021-05-30,Einherji,Hamar,2,2,74,8,9,4,3,0,5,15
2021,3,2021-05-30,KH,Hamrarnir,3,0,75,6,8,4,3,0,18,16
2021,4,2021-05-30,FHL,Þróttur R.,1,7,76,3,4,5,6,0,7,39
2021,4,2021-05-31,Stjarnan,ÍBV,1,2,77,5,4,6,6,0,28,36
2021,4,2021-05-31,Fylkir,Keflavík,5,1,78,4,4,5,6,0,10,21
2021,4,2021-05-31,Breiðablik,Tindastóll,2,1,79,4,4,6,5,0,3,29
2021,4,2021-06-01,Völsungur,Valur,0,7,80,3,5,4,6,0,33,30
2021,4,2021-06-01,FH,Þór/KA,1,1,81,4,5,7,6,0,6,40
2021,4,2021-06-01,Grindavík,Afturelding,0,2,82,4,4,6,7,0,11,1
2021,4,2021-06-01,KR,Selfoss,0,3,83,4,5,7,6,0,20,25
2021,1,2021-06-05,Breiðablik,Keflavík,1,3,84,5,5,7,7,0,3,21
2021,1,2021-06-05,ÍBV,Selfoss,2,1,85,5,4,7,7,0,36,25
2021,1,2021-06-05,Tindastóll,Valur,0,5,86,5,4,6,7,0,29,30
2021,1,2021-06-05,Þór/KA,Þróttur R.,1,3,87,4,6,7,7,0,40,39
2021,1,2021-06-06,Fylkir,Stjarnan,1,2,88,6,6,6,7,0,10,28
2021,2,2021-06-06,Haukar,HK,0,1,89,9,10,6,6,0,17,14
2021,2,2021-06-06,Augnablik,Víkingur R.,1,2,90,9,9,7,7,0,2,32
2021,2,2021-06-06,Grótta,Afturelding,1,3,91,9,5,7,8,0,13,1
2021,2,2021-06-06,ÍA,FH,0,3,92,10,5,6,8,0,35,6
2021,3,2021-06-06,Hamar,FHL,0,2,93,7,7,4,6,0,15,7
2021,3,2021-06-06,Sindri,KH,1,4,94,8,7,5,5,0,26,18
2021,3,2021-06-06,Hamrarnir,KM,9,0,95,7,8,4,4,0,16,19
2021,2,2021-06-07,KR,Grindavík,5,2,96,6,6,8,7,0,20,11
2021,3,2021-06-07,Fram,SR,1,0,97,16,9,4,4,0,9,24
2021,3,2021-06-07,Völsungur,Einherji,1,0,98,6,8,5,5,0,33,5
2021,3,2021-06-07,Fjölnir,ÍR,3,1,99,11,11,5,5,0,8,38
2021,1,2021-06-10,Fylkir,Tindastóll,2,1,100,4,5,7,7,0,10,29
2021,3,2021-06-11,KH,Fram,2,1,101,5,4,6,5,0,18,9
2021,3,2021-06-11,FHL,Völsungur,7,0,102,5,4,7,6,0,7,33
2021,3,2021-06-11,ÍR,Hamar,2,2,103,4,5,6,5,0,38,15
2021,3,2021-06-12,KM,Sindri,1,5,104,6,6,5,6,0,19,26
2021,3,2021-06-12,Álftanes,Fjölnir,0,1,105,16,5,5,6,0,34,8
2021,3,2021-06-12,Einherji,Hamrarnir,1,1,106,5,6,6,5,0,5,16
2021,2,2021-06-13,Víkingur R.,KR,1,2,107,7,6,8,9,0,32,20
2021,2,2021-06-15,Haukar,Grótta,3,1,108,9,9,7,8,0,17,13
2021,2,2021-06-15,HK,FH,1,2,109,9,9,7,9,0,14,6
2021,2,2021-06-15,Grindavík,ÍA,2,3,110,8,9,8,7,0,11,35
2021,2,2021-06-15,Afturelding,Augnablik,1,1,111,9,9,9,8,0,1,2
2021,3,2021-06-18,Fram,KM,4,0,112,7,6,6,6,0,9,19
2021,3,2021-06-18,Hamar,Álftanes,2,0,113,7,6,6,6,0,15,34
2021,3,2021-06-18,SR,KH,0,1,114,11,7,5,7,0,24,18
2021,1,2021-06-19,Keflavík,Tindastóll,1,0,115,14,9,8,8,0,21,29
2021,3,2021-06-19,Hamrarnir,FHL,1,4,116,7,8,6,8,0,16,7
2021,3,2021-06-20,Völsungur,ÍR,1,0,117,9,9,7,7,0,33,38
2021,1,2021-06-21,Stjarnan,ÍBV,3,0,118,15,16,8,8,0,28,36
2021,1,2021-06-21,Valur,Þór/KA,1,1,119,16,16,8,8,0,30,40
2021,1,2021-06-21,Þróttur R.,Fylkir,2,4,120,16,11,8,8,0,39,10
2021,1,2021-06-21,Selfoss,Breiðablik,0,4,121,16,16,8,8,0,25,3
2021,2,2021-06-22,KR,Afturelding,1,1,122,9,7,10,10,0,20,1
2021,2,2021-06-22,FH,Grindavík,1,0,123,7,7,10,9,0,6,11
2021,2,2021-06-22,Augnablik,Haukar,1,3,124,7,7,9,8,0,2,17
2021,2,2021-06-22,Grótta,HK,1,2,125,7,7,9,8,0,13,14
2021,2,2021-06-22,ÍA,Víkingur R.,1,5,126,7,9,8,9,0,35,32
2021,3,2021-06-23,Fjölnir,Hamar,4,1,127,11,5,7,7,0,8,15
2021,3,2021-06-24,KM,SR,0,9,128,6,6,7,6,0,19,24
2021,3,2021-06-24,FHL,Sindri,4,0,129,5,12,9,7,0,7,26
2021,4,2021-06-24,ÍBV,Valur,0,1,130,3,3,9,9,0,36,30
2021,4,2021-06-25,Breiðablik,Afturelding,5,0,131,4,3,9,11,0,3,1
2021,4,2021-06-25,Selfoss,Þróttur R.,1,4,132,4,4,9,9,0,25,39
2021,4,2021-06-25,Fylkir,FH,1,4,133,4,3,9,11,0,10,6
2021,3,2021-06-26,Einherji,Fram,1,0,134,14,8,7,7,0,5,9
2021,3,2021-06-26,ÍR,Hamrarnir,5,2,135,6,7,8,7,0,38,16
2021,3,2021-06-26,Álftanes,Völsungur,0,2,136,8,6,7,8,0,34,33
2021,1,2021-06-29,ÍBV,Þróttur R.,1,2,137,5,4,10,10,0,36,39
2021,1,2021-06-29,Þór/KA,Fylkir,0,0,138,8,4,9,10,0,40,10
2021,1,2021-06-29,Valur,Keflavík,4,0,139,5,10,10,9,0,30,21
2021,1,2021-06-30,Tindastóll,Selfoss,0,0,140,11,5,9,10,0,29,25
2021,1,2021-06-30,Breiðablik,Stjarnan,1,2,141,5,9,10,9,0,3,28
2021,2,2021-06-30,Afturelding,ÍA,3,0,142,5,8,12,9,0,1,35
2021,2,2021-07-01,Haukar,KR,3,4,143,9,9,9,11,0,17,20
2021,2,2021-07-02,Víkingur R.,FH,0,4,144,10,7,10,12,0,32,6
2021,2,2021-07-02,HK,Grindavík,1,1,145,10,10,9,10,0,14,11
2021,2,2021-07-02,Grótta,Augnablik,3,2,146,10,10,10,10,0,13,2
2021,3,2021-07-03,Völsungur,Fjölnir,2,1,147,7,10,9,8,0,33,8
2021,1,2021-07-06,Fylkir,ÍBV,1,2,148,7,7,11,11,0,10,36
2021,1,2021-07-06,Stjarnan,Tindastóll,0,1,149,6,6,10,10,0,28,29
2021,1,2021-07-06,Keflavík,Þór/KA,1,2,150,7,7,10,10,0,21,40
2021,1,2021-07-06,Þróttur R.,Breiðablik,2,3,151,7,6,11,11,0,39,3
2021,1,2021-07-06,Selfoss,Valur,1,2,152,6,7,11,11,0,25,30
2021,3,2021-07-07,KH,KM,10,0,153,19,13,8,8,0,18,19
2021,2,2021-07-08,ÍA,Haukar,0,0,154,8,7,10,10,0,35,17
2021,2,2021-07-08,KR,Grótta,2,0,155,7,6,12,11,0,20,13
2021,2,2021-07-08,Grindavík,Víkingur R.,1,1,156,6,6,11,11,0,11,32
2021,2,2021-07-09,FH,Afturelding,1,1,157,7,9,13,13,0,6,1
2021,3,2021-07-10,Hamrarnir,Álftanes,2,0,158,14,14,8,8,0,16,34
2021,3,2021-07-10,SR,Einherji,1,1,159,16,14,7,8,0,24,5
2021,3,2021-07-10,Fram,FHL,4,3,160,14,16,8,10,0,9,7
2021,1,2021-07-11,Þór/KA,ÍBV,1,1,161,5,5,11,12,0,40,36
2021,1,2021-07-11,Þróttur R.,Tindastóll,2,0,162,5,5,12,11,0,39,29
2021,3,2021-07-11,Sindri,ÍR,0,3,163,17,15,8,9,0,26,38
2021,1,2021-07-12,Fylkir,Breiðablik,0,4,164,6,6,12,12,0,10,3
2021,1,2021-07-12,Stjarnan,Valur,0,2,165,6,6,11,12,0,28,30
2021,1,2021-07-13,Selfoss,Keflavík,1,0,166,7,7,12,11,0,25,21
2021,2,2021-07-13,FH,Haukar,1,1,167,4,5,14,11,0,6,17
2021,2,2021-07-14,ÍA,Grótta,0,2,168,6,6,11,12,0,35,13
2021,2,2021-07-14,HK,Víkingur R.,2,2,169,12,6,10,12,0,14,32
2021,2,2021-07-14,Grindavík,Afturelding,1,0,170,6,5,12,14,0,11,1
2021,2,2021-07-15,KR,Augnablik,3,2,171,7,13,13,11,0,20,2
2021,3,2021-07-16,ÍR,Fram,1,5,172,5,6,10,9,0,38,9
2021,4,2021-07-16,Þróttur R.,FH,4,0,173,5,3,13,15,0,39,6
2021,4,2021-07-16,Breiðablik,Valur,4,3,174,4,4,13,13,0,3,30
2021,3,2021-07-17,Einherji,KH,1,3,175,7,10,9,9,0,5,18
2021,3,2021-07-17,Álftanes,Sindri,0,2,176,7,6,9,9,0,34,26
2021,3,2021-07-17,Fjölnir,Hamrarnir,1,1,177,14,7,9,9,0,8,16
2021,3,2021-07-17,FHL,SR,8,1,178,7,7,11,8,0,7,24
2021,3,2021-07-18,Hamar,Völsungur,1,1,179,25,15,8,10,0,15,33
2021,1,2021-07-20,Tindastóll,Fylkir,2,1,180,9,8,12,13,0,29,10
2021,1,2021-07-20,Breiðablik,ÍBV,7,2,181,4,9,14,13,0,3,36
2021,1,2021-07-20,Selfoss,Þór/KA,1,1,182,7,9,13,12,0,25,40
2021,1,2021-07-20,Valur,Þróttur R.,6,1,183,4,4,14,14,0,30,39
2021,1,2021-07-20,Keflavík,Stjarnan,1,2,184,7,8,12,12,0,21,28
2021,3,2021-07-20,Sindri,Einherji,4,1,185,3,3,10,10,0,26,5
2021,2,2021-07-21,Haukar,Grindavík,3,2,186,8,7,12,13,0,17,11
2021,2,2021-07-21,KR,HK,4,1,187,6,7,14,11,0,20,14
2021,2,2021-07-21,Afturelding,Víkingur R.,4,0,188,7,7,15,13,0,1,32
2021,2,2021-07-21,Grótta,FH,1,5,189,7,5,13,16,0,13,6
2021,2,2021-07-21,Augnablik,ÍA,4,2,190,6,7,12,12,0,2,35
2021,3,2021-07-22,Fram,Álftanes,3,0,191,6,5,10,10,0,9,34
2021,1,2021-07-24,Þór/KA,Valur,1,3,192,4,4,13,15,0,40,30
2021,1,2021-07-24,Breiðablik,Selfoss,2,1,193,4,4,15,14,0,3,25
2021,3,2021-07-24,KH,FHL,0,3,194,7,7,10,12,0,18,7
2021,3,2021-07-24,KM,Einherji,0,11,195,17,4,9,11,0,19,5
2021,3,2021-07-24,Sindri,Fjölnir,2,4,196,4,7,11,10,0,26,8
2021,1,2021-07-25,ÍBV,Tindastóll,2,1,197,5,5,14,13,0,36,29
2021,2,2021-07-26,Víkingur R.,Haukar,2,0,198,5,5,14,13,0,32,17
2021,2,2021-07-26,Grindavík,Grótta,3,1,199,5,5,14,14,0,11,13
2021,2,2021-07-26,FH,Augnablik,7,1,200,5,5,17,13,0,6,2
2021,2,2021-07-26,HK,Afturelding,0,2,201,5,5,12,16,0,14,1
2021,3,2021-07-26,SR,ÍR,2,8,202,9,10,9,11,0,24,38
2021,1,2021-07-27,Þróttur R.,Keflavík,3,0,203,7,7,15,13,0,39,21
2021,2,2021-07-27,ÍA,KR,1,1,204,6,6,13,15,0,35,20
2021,1,2021-07-28,Þór/KA,Breiðablik,2,2,205,4,4,14,16,0,40,3
2021,1,2021-07-28,Stjarnan,Selfoss,2,1,206,8,4,13,15,0,28,25
2021,3,2021-07-29,Völsungur,Hamrarnir,3,0,207,11,12,11,10,0,33,16
2021,1,2021-07-30,Fylkir,Valur,1,5,208,10,6,14,16,0,10,30
2021,2,2021-08-05,KR,FH,0,2,209,9,10,16,18,0,20,6
2021,2,2021-08-05,Grindavík,Augnablik,1,0,210,10,10,15,14,0,11,2
2021,1,2021-08-06,Stjarnan,Þór/KA,1,1,211,9,9,14,15,0,28,40
2021,1,2021-08-06,Valur,ÍBV,1,0,212,7,12,17,15,0,30,36
2021,1,2021-08-06,Tindastóll,Breiðablik,1,3,213,12,9,14,17,0,29,3
2021,1,2021-08-06,Keflavík,Fylkir,1,2,214,10,7,14,15,0,21,10
2021,2,2021-08-06,Grótta,Víkingur R.,0,3,215,11,11,15,15,0,13,32
2021,2,2021-08-07,Haukar,Afturelding,2,6,216,12,12,14,17,0,17,1
2021,3,2021-08-07,Hamar,Sindri,0,2,217,20,14,9,12,0,15,26
2021,3,2021-08-08,Álftanes,SR,3,1,218,17,13,11,10,0,34,24
2021,3,2021-08-08,FHL,KM,24,0,219,15,15,13,10,0,7,19
2021,1,2021-08-09,Selfoss,Þróttur R.,2,2,220,12,13,16,16,0,25,39
2021,3,2021-08-09,Fjölnir,Fram,0,0,221,16,18,11,11,0,8,9
2021,3,2021-08-09,ÍR,KH,3,2,222,14,16,12,11,0,38,18
2021,3,2021-08-10,Sindri,Völsungur,1,1,223,3,12,13,12,0,26,33
2021,2,2021-08-12,HK,Haukar,2,1,224,17,5,13,15,0,14,17
2021,2,2021-08-12,FH,ÍA,1,0,225,7,16,19,14,0,6,35
2021,2,2021-08-12,Afturelding,Grótta,4,2,226,5,6,18,16,0,1,13
2021,2,2021-08-12,Grindavík,KR,3,3,227,7,7,16,17,0,11,20
2021,1,2021-08-13,Breiðablik,Valur,0,1,228,7,7,18,18,0,3,30
2021,2,2021-08-14,Víkingur R.,Augnablik,2,1,229,8,9,16,15,0,32,2
2021,3,2021-08-15,Einherji,FHL,1,1,230,22,7,12,14,0,5,7
2021,3,2021-08-16,KH,Álftanes,4,0,231,7,8,12,12,0,18,34
2021,3,2021-08-16,SR,Fjölnir,0,4,232,8,7,11,12,0,24,8
2021,3,2021-08-16,Fram,Hamar,4,0,233,7,9,12,10,0,9,15
2021,1,2021-08-17,Þór/KA,Tindastóll,1,0,234,11,11,16,15,0,40,29
2021,1,2021-08-17,ÍBV,Keflavík,1,2,235,11,11,16,15,0,36,21
2021,1,2021-08-17,Þróttur R.,Stjarnan,2,0,236,8,11,17,15,0,39,28
2021,1,2021-08-18,Fylkir,Selfoss,3,4,237,12,9,16,17,0,10,25
2021,2,2021-08-19,FH,HK,3,2,238,7,7,20,14,0,6,14
2021,2,2021-08-19,KR,Víkingur R.,6,0,239,7,5,18,17,0,20,32
2021,2,2021-08-19,Augnablik,Afturelding,0,3,240,5,7,16,19,0,2,1
2021,2,2021-08-20,Grótta,Haukar,1,2,241,8,8,17,16,0,13,17
2021,2,2021-08-20,ÍA,Grindavík,3,2,242,8,8,15,17,0,35,11
2021,3,2021-08-20,Álftanes,KM,6,0,243,4,12,13,11,0,34,19
2021,3,2021-08-21,Hamrarnir,Sindri,2,4,244,23,11,11,14,0,16,26
2021,3,2021-08-21,Völsungur,Fram,2,1,245,11,5,13,13,0,33,9
2021,3,2021-08-21,ÍR,Einherji,2,3,246,12,6,13,13,0,38,5
2021,3,2021-08-21,Hamar,SR,3,0,247,5,5,11,12,0,15,24
2021,3,2021-08-21,Fjölnir,KH,2,1,248,5,5,13,13,0,8,18
2021,2,2021-08-22,Augnablik,HK,4,2,249,3,3,17,15,0,2,14
2021,1,2021-08-23,Þróttur R.,Þór/KA,1,0,250,6,6,18,17,0,39,40
2021,1,2021-08-23,Selfoss,ÍBV,6,2,251,5,6,18,17,0,25,36
2021,1,2021-08-24,Stjarnan,Fylkir,1,0,252,7,6,16,17,0,28,10
2021,1,2021-08-25,Valur,Tindastóll,6,1,253,12,8,19,16,0,30,29
2021,1,2021-08-26,Keflavík,Breiðablik,1,1,254,9,13,16,19,0,21,3
2021,2,2021-08-26,HK,Grótta,1,2,255,4,6,16,18,0,14,13
2021,2,2021-08-26,Haukar,Augnablik,3,2,256,6,4,17,18,0,17,2
2021,2,2021-08-26,Grindavík,FH,4,4,257,6,7,18,21,0,11,6
2021,2,2021-08-26,Víkingur R.,ÍA,4,1,258,7,6,18,16,0,32,35
2021,2,2021-08-26,Afturelding,KR,0,3,259,7,7,20,19,0,1,20
2021,3,2021-08-26,KM,ÍR,0,16,260,6,5,12,14,0,19,38
2021,3,2021-08-27,Hamrarnir,Hamar,1,6,261,6,6,12,12,0,16,15
2021,3,2021-08-28,Fjölnir,Völsungur,2,0,262,7,7,14,14,0,8,33
2021,3,2021-08-29,Fram,FHL,1,1,263,8,14,14,15,0,9,7
2021,1,2021-08-30,ÍBV,Stjarnan,3,1,264,7,6,18,17,0,36,28
2021,1,2021-08-30,Tindastóll,Keflavík,0,1,265,5,4,17,17,0,29,21
2021,1,2021-08-30,Fylkir,Þróttur R.,1,1,266,6,7,18,19,0,10,39
2021,2,2021-08-30,ÍA,HK,1,2,267,4,4,17,17,0,35,14
2021,2,2021-09-03,Grindavík,HK,1,1,268,8,4,19,18,0,11,14
2021,1,2021-09-04,Selfoss,Tindastóll,1,3,269,12,5,19,18,0,25,29
2021,1,2021-09-04,Fylkir,Þór/KA,1,2,270,5,12,19,18,0,10,40
2021,1,2021-09-04,Þróttur R.,ÍBV,3,2,271,5,5,20,19,0,39,36
2021,1,2021-09-04,Keflavík,Valur,1,1,272,5,10,18,20,0,21,30
2021,2,2021-09-04,FH,Víkingur R.,2,4,273,9,9,22,19,0,6,32
2021,2,2021-09-04,ÍA,Afturelding,0,3,274,5,9,18,21,0,35,1
2021,2,2021-09-04,KR,Haukar,2,0,275,9,9,20,18,0,20,17
2021,2,2021-09-04,Augnablik,Grótta,2,1,276,9,9,19,19,0,2,13
2021,3,2021-09-04,FHL,Fram,3,0,277,6,6,16,15,0,7,9
2021,3,2021-09-04,Völsungur,Fjölnir,3,2,278,7,7,15,15,0,33,8
2021,1,2021-09-05,Stjarnan,Breiðablik,3,3,279,6,10,18,20,0,28,3
2021,2,2021-09-09,Grótta,KR,0,3,280,5,5,20,21,0,13,20
2021,2,2021-09-09,Víkingur R.,Grindavík,1,0,281,5,6,20,20,0,32,11
2021,2,2021-09-09,HK,Augnablik,0,2,282,6,5,19,20,0,14,2
2021,2,2021-09-09,Haukar,ÍA,3,3,283,5,5,19,19,0,17,35
2021,2,2021-09-09,Afturelding,FH,4,0,284,5,5,22,23,0,1,6
2021,3,2021-09-09,Völsungur,Fram,2,1,285,5,5,16,16,0,33,9
2021,1,2021-09-10,ÍBV,Fylkir,5,0,286,6,6,20,20,0,36,10
2021,1,2021-09-10,Valur,Selfoss,5,0,287,6,6,21,20,0,30,25
2021,3,2021-09-10,FHL,Fjölnir,3,1,288,6,6,17,16,0,7,8
2021,1,2021-09-12,Þór/KA,Keflavík,0,0,289,8,8,19,19,0,40,21
2021,1,2021-09-12,Tindastóll,Stjarnan,1,2,290,8,7,19,19,0,29,28
2021,1,2021-09-12,Breiðablik,Þróttur R.,6,1,291,7,8,21,21,0,3,39
2021,4,2021-10-01,Breiðablik,Þróttur R.,4,0,292,19,19,22,22,0,3,39
2022,5,2022-02-11,Stjarnan,Selfoss,5,0,293,100,100,20,21,1,28,25
2022,5,2022-02-12,Breiðablik,Tindastóll,5,0,294,100,100,23,20,1,3,29
2022,5,2022-02-12,Þróttur R.,Fylkir,1,2,295,100,100,23,21,1,39,10
2022,5,2022-02-12,Þór/KA,Keflavík,3,0,296,100,100,20,20,1,40,21
2022,5,2022-02-19,KR,ÍBV,3,2,297,100,100,22,21,1,20,36
2022,5,2022-02-23,HK,Haukar,2,2,298,100,100,20,20,1,14,17
2022,5,2022-02-26,Tindastóll,KR,1,1,299,14,7,21,23,0,29,20
2022,5,2022-02-26,FHL,Grindavík,3,0,300,100,100,18,21,1,7,11
2022,5,2022-02-27,Selfoss,ÍBV,0,4,301,16,8,22,22,0,25,36
2022,5,2022-02-27,Fylkir,Keflavík,0,3,302,15,15,22,21,0,10,21
2022,5,2022-02-27,Afturelding,Þór/KA,2,1,303,100,15,23,21,1,1,40
2022,5,2022-02-28,Stjarnan,Breiðablik,2,3,304,17,16,21,24,0,28,3
2022,5,2022-03-01,Valur,Þróttur R.,6,0,305,100,17,22,24,1,30,39
2022,5,2022-03-02,Keflavík,Afturelding,2,2,306,3,3,22,24,0,21,1
2022,5,2022-03-03,Haukar,Fjölnir,2,2,307,8,100,21,17,0,17,8
2022,5,2022-03-03,Augnablik,Víkingur R.,0,6,308,100,100,21,21,1,2,32
2022,5,2022-03-03,FH,Grindavík,7,0,309,100,5,24,22,1,6,11
2022,5,2022-03-04,Valur,Fylkir,6,0,310,3,5,23,23,0,30,10
2022,5,2022-03-05,Breiðablik,Selfoss,2,0,311,5,6,25,23,0,3,25
2022,5,2022-03-05,ÍBV,Tindastóll,6,0,312,6,7,23,22,0,36,29
2022,5,2022-03-05,Þór/KA,Þróttur R.,2,1,313,6,4,22,25,0,40,39
2022,5,2022-03-05,FHL,HK,0,8,314,7,10,19,21,0,7,14
2022,5,2022-03-06,KR,Stjarnan,1,2,315,8,6,24,22,0,20,28
2022,5,2022-03-07,Valur,Afturelding,3,0,316,3,5,24,25,0,30,1
2022,5,2022-03-07,Víkingur R.,FH,3,1,317,4,4,22,25,0,32,6
2022,5,2022-03-10,Breiðablik,KR,3,0,318,5,4,26,25,0,3,20
2022,5,2022-03-10,Þróttur R.,Keflavík,2,0,319,5,8,26,23,0,39,21
2022,5,2022-03-10,Víkingur R.,Haukar,7,0,320,3,7,23,22,0,32,17
2022,5,2022-03-10,FH,Augnablik,4,2,321,3,7,26,22,0,6,2
2022,5,2022-03-11,Fylkir,Afturelding,0,4,322,7,4,24,26,0,10,1
2022,5,2022-03-12,Stjarnan,ÍBV,2,1,323,6,7,23,24,0,28,36
2022,5,2022-03-12,Selfoss,Tindastóll,1,0,324,7,7,24,23,0,25,29
2022,5,2022-03-12,Valur,Þór/KA,7,0,325,5,7,25,23,0,30,40
2022,5,2022-03-12,HK,Grindavík,5,2,326,7,9,22,23,0,14,11
2022,5,2022-03-13,Fjölnir,Augnablik,4,2,327,10,3,18,23,0,8,2
2022,5,2022-03-18,Keflavík,Valur,0,1,328,8,6,24,26,0,21,30
2022,5,2022-03-18,Fjölnir,FHL,2,0,329,5,13,19,20,0,8,7
2022,5,2022-03-19,Breiðablik,ÍBV,3,1,330,9,7,27,25,0,3,36
2022,5,2022-03-19,KR,Selfoss,1,1,331,9,7,26,25,0,20,25
2022,5,2022-03-19,Tindastóll,Stjarnan,3,2,332,7,7,24,24,0,29,28
2022,5,2022-03-19,Þór/KA,Fylkir,3,0,333,7,8,24,25,0,40,10
2022,5,2022-03-20,FH,FHL,12,0,334,10,2,27,21,0,6,7
2022,5,2022-03-21,Afturelding,Þróttur R.,3,1,335,10,11,27,27,0,1,39
2022,5,2022-03-23,Augnablik,Grindavík,2,1,336,10,11,24,24,0,2,11
2022,5,2022-03-24,Haukar,FH,2,4,337,14,4,23,28,0,17,6
2022,5,2022-03-25,Breiðablik,Afturelding,3,0,338,6,4,28,28,0,3,1
2022,5,2022-03-26,Valur,Stjarnan,0,3,339,8,7,27,25,0,30,28
2022,5,2022-03-26,HK,Fjölnir,5,2,340,14,8,23,20,0,14,8
2022,5,2022-03-26,FHL,Víkingur R.,2,6,341,6,16,22,24,0,7,32
2022,5,2022-03-30,Víkingur R.,HK,0,1,342,4,4,25,24,0,32,14
2022,5,2022-03-30,Augnablik,Haukar,3,2,343,7,6,25,24,0,2,17
2022,5,2022-03-31,Fjölnir,Grindavík,1,3,344,5,8,21,25,0,8,11
2022,5,2022-04-01,Stjarnan,Breiðablik,1,2,345,6,7,26,29,0,28,3
2022,5,2022-04-05,Fjölnir,Víkingur R.,0,0,346,5,6,22,26,0,8,32
2022,5,2022-04-09,HK,FH,0,2,347,10,16,25,29,0,14,6
2022,5,2022-04-12,Haukar,Grindavík,1,2,348,13,12,25,26,0,17,11
2022,5,2022-04-20,Víkingur R.,Grindavík,2,0,349,15,8,27,27,0,32,11
2022,5,2022-04-20,Augnablik,HK,2,3,350,21,11,26,26,0,2,14
2022,5,2022-04-21,Haukar,FHL,2,1,351,9,26,26,23,0,17,7
2022,5,2022-04-22,FH,Fjölnir,7,0,352,13,17,30,23,0,6,8
2022,5,2022-04-23,FHL,Augnablik,3,0,353,2,3,24,27,0,7,2
2022,1,2022-04-26,ÍBV,Stjarnan,1,1,354,38,25,26,27,0,36,28
2022,1,2022-04-26,Valur,Þróttur R.,2,0,355,31,36,28,28,0,30,39
2022,1,2022-04-27,Breiðablik,Þór/KA,4,1,356,26,39,30,25,0,3,40
2022,1,2022-04-27,KR,Keflavík,0,4,357,39,40,27,25,0,20,21
2022,1,2022-04-27,Afturelding,Selfoss,1,4,358,33,39,29,26,0,1,25
2022,4,2022-04-29,Grótta,FH,0,7,359,100,7,21,31,1,13,6
2022,4,2022-04-29,Fylkir,Haukar,0,3,360,41,8,26,27,0,10,17
2022,4,2022-04-29,ÍA,Fjölnir,6,1,361,100,7,20,24,1,35,8
2022,4,2022-04-30,Sindri,KH,4,2,362,100,100,15,14,1,26,18
2022,4,2022-04-30,Álftanes,Grindavík,1,3,363,100,10,14,28,1,34,11
2022,4,2022-04-30,Völsungur,Einherji,4,0,364,100,100,17,14,1,33,5
2022,4,2022-04-30,Fram,Víkingur R.,0,5,365,100,10,17,28,1,9,32
2022,4,2022-04-30,Tindastóll,HK,3,2,366,42,10,25,27,0,29,14
2022,1,2022-05-03,ÍBV,Selfoss,0,1,367,7,6,27,27,0,36,25
2022,1,2022-05-03,Þór/KA,Valur,2,1,368,6,7,26,29,0,40,30
2022,1,2022-05-03,Þróttur R.,Afturelding,4,2,369,7,6,29,30,0,39,1
2022,1,2022-05-04,Stjarnan,KR,5,1,370,8,7,28,28,0,28,20
2022,1,2022-05-04,Keflavík,Breiðablik,1,0,371,7,7,26,31,0,21,3
2022,2,2022-05-05,Haukar,FH,0,4,372,6,6,28,32,0,17,6
2022,2,2022-05-05,Víkingur R.,Augnablik,3,2,373,5,12,29,28,0,32,2
2022,2,2022-05-06,Tindastóll,Grindavík,2,0,374,6,6,26,29,0,29,11
2022,2,2022-05-06,Fylkir,HK,1,3,375,7,6,27,28,0,10,14
2022,2,2022-05-07,FHL,Fjölnir,6,1,376,14,8,25,25,0,7,8
2022,1,2022-05-08,Afturelding,Þór/KA,1,2,377,5,5,31,27,0,1,40
2022,1,2022-05-09,KR,ÍBV,0,2,378,5,6,29,28,0,20,36
2022,1,2022-05-09,Valur,Keflavík,3,0,379,6,5,30,27,0,30,21
2022,1,2022-05-09,Selfoss,Þróttur R.,1,1,380,6,6,28,30,0,25,39
2022,1,2022-05-09,Breiðablik,Stjarnan,3,0,381,5,5,32,29,0,3,28
2022,4,2022-05-10,FHL,Völsungur,4,0,382,3,10,26,18,0,7,33
2022,2,2022-05-11,HK,Fjölnir,4,2,383,5,4,29,26,0,14,8
2022,2,2022-05-11,FH,Víkingur R.,3,2,384,6,6,33,30,0,6,32
2022,2,2022-05-11,Grindavík,Haukar,2,0,385,5,6,30,29,0,11,17
2022,2,2022-05-11,Fylkir,Tindastóll,0,1,386,5,5,28,27,0,10,29
2022,1,2022-05-13,Stjarnan,Valur,0,2,387,4,4,30,31,0,28,30
2022,1,2022-05-13,KR,Breiðablik,0,4,388,4,4,30,33,0,20,3
2022,1,2022-05-13,Keflavík,Afturelding,1,2,389,4,5,28,32,0,21,1
2022,1,2022-05-14,Þór/KA,Selfoss,0,1,390,6,5,28,29,0,40,25
2022,1,2022-05-14,ÍBV,Þróttur R.,1,2,391,5,5,29,31,0,36,39
2022,2,2022-05-14,Augnablik,FHL,0,2,392,9,4,29,27,0,2,7
2022,4,2022-05-14,ÍA,Sindri,2,1,393,15,14,21,16,0,35,26
2022,4,2022-05-15,Grindavík,Víkingur R.,1,2,394,4,4,31,31,0,11,32
2022,4,2022-05-15,Tindastóll,ÍR,2,0,395,4,100,28,15,0,29,38
2022,4,2022-05-17,ÍH,FH,0,6,396,7,6,1,34,1,37,6
2022,4,2022-05-17,Augnablik,Haukar,1,5,397,3,6,30,30,0,2,17
2022,1,2022-05-18,Þróttur R.,Þór/KA,4,1,398,4,4,32,29,0,39,40
2022,1,2022-05-18,Afturelding,Stjarnan,1,3,399,5,5,33,31,0,1,28
2022,3,2022-05-18,KÁ,Fram,0,3,400,7,18,1,18,1,22,9
2022,1,2022-05-19,Valur,KR,9,1,401,6,6,32,31,0,30,20
2022,1,2022-05-19,Breiðablik,ÍBV,0,1,402,6,5,34,30,0,3,36
2022,1,2022-05-19,Selfoss,Keflavík,0,0,403,5,6,30,29,0,25,21
2022,2,2022-05-19,Víkingur R.,Grindavík,3,0,404,4,4,32,32,0,32,11
2022,2,2022-05-20,Tindastóll,HK,0,1,405,5,9,29,30,0,29,14
2022,2,2022-05-20,Fjölnir,Augnablik,1,2,406,9,3,27,31,0,8,2
2022,2,2022-05-20,Haukar,Fylkir,3,1,407,3,9,31,29,0,17,10
2022,3,2022-05-20,Hamar,KH,1,3,408,100,20,13,15,1,15,18
2022,3,2022-05-20,Grótta,ÍH,9,1,409,21,3,22,2,0,13,37
2022,2,2022-05-21,FHL,FH,1,2,410,7,4,28,35,0,7,6
2022,3,2022-05-21,ÍR,Sindri,3,1,411,6,7,16,17,0,38,26
2022,3,2022-05-21,Álftanes,Einherji,3,1,412,21,21,15,15,0,34,5
2022,1,2022-05-23,ÍBV,Þór/KA,5,4,413,4,5,31,30,0,36,40
2022,1,2022-05-23,KR,Afturelding,1,0,414,4,5,32,34,0,20,1
2022,1,2022-05-23,Keflavík,Þróttur R.,1,2,415,4,5,30,33,0,21,39
2022,1,2022-05-23,Stjarnan,Selfoss,3,1,416,5,4,32,31,0,28,25
2022,1,2022-05-24,Breiðablik,Valur,0,1,417,5,5,35,33,0,3,30
2022,2,2022-05-24,Fylkir,Víkingur R.,0,4,418,4,5,30,33,0,10,32
2022,2,2022-05-25,HK,Augnablik,1,0,419,5,5,31,32,0,14,2
2022,2,2022-05-25,Fjölnir,FH,0,0,420,5,4,28,36,0,8,6
2022,2,2022-05-25,Tindastóll,Haukar,1,0,421,5,5,30,32,0,29,17
2022,3,2022-05-25,Fram,ÍA,3,0,422,7,11,19,22,0,9,35
2022,2,2022-05-26,Grindavík,FHL,0,0,423,7,5,33,29,0,11,7
2022,3,2022-05-26,ÍH,Hamar,1,1,424,6,6,3,14,0,37,15
2022,3,2022-05-26,Einherji,Grótta,1,4,425,5,6,16,23,0,5,13
2022,3,2022-05-26,Sindri,Álftanes,3,2,426,5,5,18,16,0,26,34
2022,3,2022-05-26,KH,Völsungur,2,2,427,6,16,16,19,0,18,33
2022,4,2022-05-27,Þróttur R.,Víkingur R.,2,1,428,4,3,34,34,0,39,32
2022,4,2022-05-28,ÍA,KR,0,6,429,3,5,23,33,0,35,20
2022,4,2022-05-28,Þór/KA,Haukar,6,0,430,5,3,31,33,0,40,17
2022,4,2022-05-28,FH,Stjarnan,0,1,431,3,5,37,33,0,6,28
2022,4,2022-05-28,Selfoss,Afturelding,3,1,432,5,5,32,35,0,25,1
2022,4,2022-05-28,Tindastóll,Valur,1,4,433,3,4,31,34,0,29,30
2022,4,2022-05-29,FHL,Breiðablik,1,4,434,3,5,30,36,0,7,3
2022,4,2022-05-29,Keflavík,ÍBV,0,2,435,6,6,31,32,0,21,36
2022,1,2022-06-01,Þór/KA,Keflavík,3,2,436,4,3,32,32,0,40,21
2022,1,2022-06-01,Þróttur R.,Stjarnan,0,1,437,5,4,35,34,0,39,28
2022,1,2022-06-01,Afturelding,Breiðablik,1,6,438,4,3,36,37,0,1,3
2022,1,2022-06-01,Selfoss,KR,3,1,439,4,4,33,34,0,25,20
2022,3,2022-06-01,KÁ,KH,2,7,440,14,6,2,17,0,22,18
2022,1,2022-06-02,Valur,ÍBV,1,1,441,5,4,35,33,0,30,36
2022,2,2022-06-02,Augnablik,FH,0,5,442,8,5,33,38,0,2,6
2022,2,2022-06-02,Fjölnir,Grindavík,0,3,443,8,7,29,34,0,8,11
2022,2,2022-06-02,Víkingur R.,Tindastóll,1,2,444,6,5,35,32,0,32,29
2022,2,2022-06-04,Haukar,HK,0,3,445,7,10,34,32,0,17,14
2022,2,2022-06-04,FHL,Fylkir,2,1,446,6,11,31,31,0,7,10
2022,3,2022-06-04,Völsungur,ÍH,1,0,447,9,9,20,4,0,33,37
2022,3,2022-06-04,Álftanes,ÍR,3,4,448,9,14,17,17,0,34,38
2022,3,2022-06-04,Grótta,Sindri,7,0,449,9,9,24,19,0,13,26
2022,1,2022-06-06,Stjarnan,Þór/KA,5,0,450,5,5,35,33,0,28,40
2022,1,2022-06-07,ÍBV,Keflavík,3,2,451,5,6,34,33,0,36,21
2022,1,2022-06-07,KR,Þróttur R.,1,3,452,6,6,35,36,0,20,39
2022,1,2022-06-07,Breiðablik,Selfoss,1,0,453,6,6,38,34,0,3,25
2022,1,2022-06-07,Valur,Afturelding,6,1,454,5,6,36,37,0,30,1
2022,2,2022-06-08,Grindavík,Augnablik,1,4,455,6,6,35,34,0,11,2
2022,2,2022-06-09,Haukar,Víkingur R.,1,2,456,5,7,35,36,0,17,32
2022,2,2022-06-09,HK,FH,1,3,457,5,7,33,39,0,14,6
2022,3,2022-06-09,ÍH,KÁ,8,1,458,5,8,5,3,0,37,22
2022,2,2022-06-10,Fylkir,Fjölnir,1,0,459,6,8,32,30,0,10,8
2022,4,2022-06-10,ÍBV,Stjarnan,1,4,460,3,4,35,36,0,36,28
2022,4,2022-06-10,Selfoss,Þór/KA,4,1,461,3,4,35,34,0,25,40
2022,4,2022-06-10,Valur,KR,3,0,462,3,3,37,36,0,30,20
2022,4,2022-06-10,Breiðablik,Þróttur R.,3,1,463,3,3,39,37,0,3,39
2022,2,2022-06-11,Tindastóll,FHL,2,2,464,9,7,33,32,0,29,7
2022,3,2022-06-11,ÍR,Grótta,0,0,465,7,7,18,25,0,38,13
2022,3,2022-06-11,Sindri,Hamar,3,0,466,7,16,20,15,0,26,15
2022,3,2022-06-12,Einherji,ÍA,0,2,467,17,15,17,24,0,5,35
2022,3,2022-06-13,Álftanes,Fram,0,3,468,9,19,18,20,0,34,9
2022,1,2022-06-14,Afturelding,ÍBV,0,1,469,7,4,38,36,0,1,36
2022,1,2022-06-14,Þór/KA,KR,3,3,470,4,4,35,37,0,40,20
2022,1,2022-06-14,Keflavík,Stjarnan,1,0,471,7,4,34,37,0,21,28
2022,1,2022-06-14,Selfoss,Valur,0,1,472,4,4,36,38,0,25,30
2022,1,2022-06-14,Þróttur R.,Breiðablik,0,3,473,4,4,38,40,0,39,3
2022,2,2022-06-15,FH,Grindavík,6,0,474,6,7,40,36,0,6,11
2022,2,2022-06-15,Víkingur R.,HK,2,1,475,6,6,37,34,0,32,14
2022,2,2022-06-15,Augnablik,Fylkir,0,2,476,7,5,35,33,0,2,10
2022,3,2022-06-16,Hamar,ÍR,2,4,477,5,5,16,19,0,15,38
2022,1,2022-06-18,Þór/KA,Breiðablik,0,4,478,4,4,36,41,0,40,3
2022,3,2022-06-18,Grótta,Álftanes,1,1,479,7,5,26,19,0,13,34
2022,3,2022-06-18,Fram,KH,3,2,480,5,17,21,18,0,9,18
2022,3,2022-06-18,Völsungur,Sindri,6,1,481,14,7,21,21,0,33,26
2022,1,2022-06-19,Selfoss,Afturelding,0,1,482,5,5,37,39,0,25,1
2022,1,2022-06-19,Þróttur R.,Valur,1,2,483,5,5,39,39,0,39,30
2022,1,2022-06-19,Keflavík,KR,1,3,484,5,5,35,38,0,21,20
2022,1,2022-06-19,Stjarnan,ÍBV,4,0,485,5,5,38,37,0,28,36
2022,2,2022-06-19,FHL,Haukar,3,1,486,8,10,33,36,0,7,17
2022,2,2022-06-19,Fjölnir,Tindastóll,0,2,487,9,8,31,34,0,8,29
2022,3,2022-06-19,KÁ,Einherji,1,2,488,10,7,4,18,0,22,5
2022,3,2022-06-20,ÍA,ÍH,8,1,489,8,11,25,6,0,35,37
2022,2,2022-06-22,HK,Grindavík,2,0,490,7,7,35,37,0,14,11
2022,2,2022-06-23,Tindastóll,Augnablik,3,0,491,4,8,35,36,0,29,2
2022,2,2022-06-23,Haukar,Fjölnir,1,2,492,4,4,37,32,0,17,8
2022,3,2022-06-24,Álftanes,Hamar,5,2,493,6,8,20,17,0,34,15
2022,3,2022-06-25,ÍH,Fram,0,7,494,5,7,7,22,0,37,9
2022,3,2022-06-25,ÍR,Völsungur,0,0,495,9,7,20,22,0,38,33
2022,3,2022-06-25,Sindri,KÁ,3,0,496,7,6,22,5,0,26,22
2022,2,2022-06-26,Víkingur R.,FHL,1,1,497,11,7,38,34,0,32,7
2022,2,2022-06-28,Augnablik,Haukar,2,0,498,5,5,37,38,0,2,17
2022,2,2022-06-29,Fjölnir,Víkingur R.,0,2,499,6,3,33,39,0,8,32
2022,2,2022-06-29,FH,Tindastóll,1,1,500,14,6,41,36,0,6,29
2022,2,2022-06-29,Grindavík,Fylkir,0,0,501,7,14,38,34,0,11,10
2022,3,2022-06-29,Hamar,Grótta,1,6,502,5,11,18,27,0,15,13
2022,3,2022-07-01,KÁ,ÍR,0,8,503,6,6,6,21,0,22,38
2022,2,2022-07-02,FHL,HK,1,4,504,6,10,35,36,0,7,14
2022,3,2022-07-02,ÍA,Sindri,3,2,505,12,7,26,23,0,35,26
2022,3,2022-07-02,Völsungur,Álftanes,4,0,506,7,8,23,21,0,33,34
2022,3,2022-07-02,Fram,Einherji,1,0,507,7,13,23,19,0,9,5
2022,2,2022-07-05,FH,Haukar,6,0,508,6,7,42,39,0,6,17
2022,2,2022-07-06,Grindavík,Tindastóll,0,2,509,7,7,39,37,0,11,29
2022,2,2022-07-07,HK,Fylkir,0,0,510,5,8,37,35,0,14,10
2022,2,2022-07-07,Fjölnir,FHL,0,3,511,8,5,34,36,0,8,7
2022,3,2022-07-07,ÍR,ÍA,3,2,512,6,5,22,27,0,38,35
2022,3,2022-07-08,Álftanes,KÁ,3,1,513,6,7,22,7,0,34,22
2022,3,2022-07-09,Sindri,Fram,0,1,514,7,7,24,24,0,26,9
2022,3,2022-07-09,Grótta,Völsungur,2,3,515,10,7,28,24,0,13,33
2022,3,2022-07-15,KÁ,Grótta,0,3,516,7,6,8,29,0,22,13
2022,3,2022-07-15,Fram,ÍR,1,0,517,6,8,25,23,0,9,38
2022,3,2022-07-15,ÍA,Álftanes,3,0,518,8,7,28,23,0,35,34
2022,3,2022-07-16,KH,Einherji,4,0,519,28,14,19,20,0,18,5
2022,3,2022-07-17,Völsungur,Hamar,6,1,520,8,18,25,19,0,33,15
2022,2,2022-07-22,Fjölnir,HK,0,1,521,15,15,35,38,0,8,14
2022,2,2022-07-22,Víkingur R.,FH,0,3,522,23,17,40,43,0,32,6
2022,2,2022-07-22,Haukar,Grindavík,1,2,523,17,16,40,40,0,17,11
2022,2,2022-07-22,Tindastóll,Fylkir,1,1,524,16,15,38,36,0,29,10
2022,3,2022-07-22,Hamar,KÁ,2,1,525,5,7,20,9,0,15,22
2022,3,2022-07-22,Grótta,ÍA,6,1,526,7,7,30,29,0,13,35
2022,2,2022-07-23,FHL,Augnablik,3,1,527,16,25,37,38,0,7,2
2022,3,2022-07-23,Einherji,ÍH,4,1,528,7,28,21,8,0,5,37
2022,3,2022-07-23,Sindri,KH,2,1,529,14,7,25,20,0,26,18
2022,2,2022-07-26,HK,Tindastóll,1,1,530,4,4,39,39,0,14,29
2022,2,2022-07-26,Grindavík,Víkingur R.,0,1,531,4,4,41,41,0,11,32
2022,2,2022-07-27,Fylkir,Haukar,2,2,532,5,5,37,41,0,10,17
2022,2,2022-07-27,Augnablik,Fjölnir,3,0,533,4,5,39,36,0,2,8
2022,2,2022-07-27,FH,FHL,4,1,534,5,4,44,38,0,6,7
2022,1,2022-07-28,Valur,Stjarnan,1,1,535,39,39,40,39,0,30,28
2022,1,2022-07-28,Breiðablik,KR,5,0,536,40,39,42,39,0,3,20
2022,3,2022-07-28,Einherji,Völsungur,0,3,537,5,11,22,26,0,5,33
2022,1,2022-08-04,Valur,Þór/KA,3,0,538,7,47,41,37,0,30,40
2022,1,2022-08-04,Selfoss,ÍBV,0,0,539,46,46,38,38,0,25,36
2022,1,2022-08-04,KR,Stjarnan,1,2,540,7,7,40,40,0,20,28
2022,1,2022-08-04,Afturelding,Þróttur R.,0,2,541,46,46,40,40,0,1,39
2022,2,2022-08-04,FH,Fjölnir,1,0,542,8,8,45,37,0,6,8
2022,1,2022-08-05,Breiðablik,Keflavík,3,0,543,8,47,43,36,0,3,21
2022,2,2022-08-05,Augnablik,HK,1,2,544,9,10,40,40,0,2,14
2022,2,2022-08-05,Víkingur R.,Fylkir,0,0,545,10,9,42,38,0,32,10
2022,2,2022-08-05,Haukar,Tindastóll,0,5,546,9,10,42,40,0,17,29
2022,3,2022-08-05,KH,ÍR,3,4,547,13,21,21,24,0,18,38
2022,2,2022-08-06,FHL,Grindavík,3,0,548,10,11,39,42,0,7,11
2022,3,2022-08-06,Hamar,Einherji,0,1,549,15,9,21,23,0,15,5
2022,3,2022-08-06,Fram,Grótta,2,3,550,22,15,26,31,0,9,13
2022,3,2022-08-06,ÍH,Sindri,1,1,551,14,14,9,26,0,37,26
2022,3,2022-08-06,KÁ,Völsungur,0,7,552,15,9,10,27,0,22,33
2022,2,2022-08-08,Fylkir,FH,1,1,553,3,4,39,46,0,10,6
2022,2,2022-08-08,Augnablik,Víkingur R.,2,3,554,3,3,41,43,0,2,32
2022,3,2022-08-08,KH,ÍA,1,3,555,3,17,22,30,0,18,35
2022,1,2022-08-09,Þór/KA,Afturelding,0,1,556,5,5,38,41,0,40,1
2022,1,2022-08-09,ÍBV,KR,3,1,557,5,5,39,41,0,36,20
2022,1,2022-08-09,Keflavík,Valur,0,5,558,4,5,37,42,0,21,30
2022,1,2022-08-09,Stjarnan,Breiðablik,2,2,559,5,4,41,44,0,28,3
2022,1,2022-08-09,Þróttur R.,Selfoss,3,0,560,5,5,41,39,0,39,25
2022,2,2022-08-11,Grindavík,Fjölnir,2,0,561,5,7,43,38,0,11,8
2022,2,2022-08-11,HK,Haukar,4,1,562,6,6,41,43,0,14,17
2022,2,2022-08-12,FH,Augnablik,1,0,563,4,4,47,42,0,6,2
2022,3,2022-08-12,Álftanes,KH,3,2,564,28,4,24,23,0,34,18
2022,3,2022-08-12,Hamar,Fram,0,2,565,6,6,22,27,0,15,9
2022,3,2022-08-12,ÍR,ÍH,6,1,566,7,6,25,10,0,38,37
2022,4,2022-08-12,Stjarnan,Valur,1,3,567,3,3,42,43,0,28,30
2022,2,2022-08-13,Fylkir,FHL,0,0,568,5,7,40,40,0,10,7
2022,2,2022-08-13,Tindastóll,Víkingur R.,5,4,569,8,5,41,44,0,29,32
2022,3,2022-08-13,Sindri,Einherji,0,1,570,7,7,27,24,0,26,5
2022,3,2022-08-13,Völsungur,ÍA,3,2,571,7,5,28,31,0,33,35
2022,4,2022-08-13,Selfoss,Breiðablik,0,2,572,4,4,40,45,0,25,3
2022,3,2022-08-15,ÍH,KH,3,7,573,3,3,11,24,0,37,18
2022,1,2022-08-16,Þróttur R.,ÍBV,5,1,574,7,7,42,40,0,39,36
2022,1,2022-08-16,Selfoss,Þór/KA,2,0,575,3,7,41,39,0,25,40
2022,1,2022-08-16,Afturelding,Keflavík,2,3,576,7,7,42,38,0,1,21
2022,3,2022-08-16,ÍA,Hamar,11,0,577,3,4,32,23,0,35,15
2022,2,2022-08-18,FH,HK,0,0,578,6,7,48,42,0,6,14
2022,2,2022-08-19,Víkingur R.,Haukar,2,0,579,6,8,45,44,0,32,17
2022,2,2022-08-19,Fjölnir,Fylkir,1,4,580,8,6,39,41,0,8,10
2022,2,2022-08-19,Augnablik,Grindavík,0,3,581,7,8,43,44,0,2,11
2022,2,2022-08-20,FHL,Tindastóll,2,3,582,7,7,41,42,0,7,29
2022,3,2022-08-20,ÍH,Álftanes,5,1,583,5,8,12,25,0,37,34
2022,3,2022-08-20,ÍA,KÁ,5,0,584,4,14,33,11,0,35,22
2022,3,2022-08-20,KH,Grótta,0,4,585,5,14,25,32,0,18,13
2022,3,2022-08-20,Einherji,ÍR,1,3,586,7,8,25,26,0,5,38
2022,3,2022-08-20,Fram,Völsungur,2,2,587,8,7,28,29,0,9,33
2022,1,2022-08-23,Þór/KA,Þróttur R.,1,0,588,7,7,40,43,0,40,39
2022,1,2022-08-23,Stjarnan,Afturelding,7,1,589,11,7,43,43,0,28,1
2022,1,2022-08-24,Keflavík,Selfoss,0,2,590,8,8,39,42,0,21,25
2022,2,2022-08-25,Grindavík,FH,0,4,591,6,7,45,49,0,11,6
2022,2,2022-08-25,HK,Víkingur R.,1,2,592,7,6,43,46,0,14,32
2022,2,2022-08-25,Fylkir,Augnablik,1,1,593,6,6,42,44,0,10,2
2022,2,2022-08-25,Tindastóll,Fjölnir,5,0,594,5,6,43,40,0,29,8
2022,3,2022-08-26,Grótta,ÍA,1,1,595,6,6,33,34,0,13,35
2022,3,2022-08-26,Fram,KH,3,0,596,6,6,29,26,0,9,18
2022,2,2022-08-27,Haukar,FHL,2,2,597,8,7,45,42,0,17,7
2022,3,2022-08-27,Völsungur,ÍR,1,2,598,7,7,30,27,0,33,38
2022,4,2022-08-27,Breiðablik,Valur,1,2,599,14,15,46,44,0,3,30
2022,3,2022-09-03,Grótta,Fram,1,1,600,8,8,34,30,0,13,9
2022,3,2022-09-03,ÍA,ÍR,2,1,601,8,7,35,28,0,35,38
2022,3,2022-09-03,KH,Völsungur,2,5,602,8,7,27,31,0,18,33
2022,1,2022-09-09,ÍBV,Breiðablik,0,0,603,24,13,41,47,0,36,3
2022,1,2022-09-09,KR,Valur,0,6,604,31,13,42,45,0,20,30
2022,2,2022-09-09,FH,Fylkir,0,0,605,15,15,50,43,0,6,10
2022,2,2022-09-09,Fjölnir,Haukar,1,2,606,15,13,41,46,0,8,17
2022,2,2022-09-09,Augnablik,Tindastóll,0,5,607,15,15,45,44,0,2,29
2022,3,2022-09-09,Fram,ÍA,3,2,608,6,6,31,36,0,9,35
2022,2,2022-09-10,FHL,Víkingur R.,1,3,609,14,16,43,47,0,7,32
2022,3,2022-09-10,ÍR,KH,3,4,610,7,7,29,28,0,38,18
2022,3,2022-09-10,Völsungur,Grótta,0,1,611,7,7,32,35,0,33,13
2022,1,2022-09-11,Selfoss,Stjarnan,1,1,612,18,19,43,44,0,25,28
2022,2,2022-09-11,Grindavík,HK,2,1,613,17,17,46,44,0,11,14
2022,1,2022-09-12,Þróttur R.,Keflavík,2,3,614,20,19,44,40,0,39,21
2022,1,2022-09-13,Afturelding,KR,2,1,615,21,4,44,43,0,1,20
2022,1,2022-09-13,Valur,Breiðablik,1,1,616,4,4,46,48,0,30,3
2022,1,2022-09-14,Þór/KA,ÍBV,3,3,617,22,5,41,42,0,40,36
2022,2,2022-09-16,Tindastóll,FH,2,2,618,7,7,45,51,0,29,6
2022,2,2022-09-16,Haukar,Augnablik,0,3,619,7,7,47,46,0,17,2
2022,2,2022-09-16,HK,FHL,1,1,620,5,6,45,44,0,14,7
2022,2,2022-09-16,Víkingur R.,Fjölnir,6,1,621,6,7,48,42,0,32,8
2022,2,2022-09-16,Fylkir,Grindavík,2,1,622,7,5,44,47,0,10,11
2022,1,2022-09-17,ÍBV,Valur,0,3,623,3,4,43,47,0,36,30
2022,1,2022-09-18,KR,Selfoss,3,5,624,5,7,44,44,0,20,25
2022,1,2022-09-18,Keflavík,Þór/KA,1,3,625,6,4,41,42,0,21,40
2022,1,2022-09-18,Breiðablik,Afturelding,3,0,626,5,5,49,45,0,3,1
2022,3,2022-09-18,KH,Grótta,1,5,627,8,8,29,36,0,18,13
2022,3,2022-09-18,ÍR,Fram,0,2,628,8,9,30,32,0,38,9
2022,3,2022-09-18,Völsungur,ÍA,0,2,629,8,9,33,37,0,33,35
2022,1,2022-09-19,Stjarnan,Þróttur R.,2,0,630,8,7,45,45,0,28,39
2022,3,2022-09-23,Grótta,ÍR,0,1,631,5,5,37,31,0,13,38
2022,1,2022-09-24,Afturelding,Valur,1,3,632,6,7,46,48,0,1,30
2022,3,2022-09-24,Fram,Völsungur,1,4,633,6,6,33,34,0,9,33
2022,3,2022-09-24,ÍA,KH,5,0,634,6,6,38,30,0,35,18
2022,1,2022-09-25,Keflavík,ÍBV,1,2,635,7,8,42,44,0,21,36
2022,1,2022-09-25,Selfoss,Breiðablik,2,0,636,7,7,45,50,0,25,3
2022,1,2022-09-25,Þróttur R.,KR,5,0,637,6,7,46,45,0,39,20
2022,1,2022-09-26,Þór/KA,Stjarnan,0,4,638,8,7,43,46,0,40,28
2022,1,2022-10-01,Stjarnan,Keflavík,4,0,639,5,6,47,43,0,28,21
2022,1,2022-10-01,ÍBV,Afturelding,3,0,640,6,7,45,47,0,36,1
2022,1,2022-10-01,Valur,Selfoss,1,1,641,7,6,49,46,0,30,25
2022,1,2022-10-01,KR,Þór/KA,3,2,642,6,5,46,44,0,20,40
2022,1,2022-10-01,Breiðablik,Þróttur R.,2,3,643,6,6,51,47,0,3,39
2023,5,2023-02-11,Þróttur R.,KR,11,0,644,100,100,48,47,1,39,20
2023,5,2023-02-11,Keflavík,Afturelding,3,2,645,100,100,44,48,1,21,1
2023,5,2023-02-11,Stjarnan,Tindastóll,6,0,646,100,100,48,46,1,28,29
2023,5,2023-02-12,Þór/KA,FH,6,1,647,100,100,45,52,1,40,6
2023,5,2023-02-25,KR,Þór/KA,1,3,648,14,13,48,46,0,20,40
2023,5,2023-02-25,Keflavík,ÍBV,0,2,649,14,100,45,46,0,21,36
2023,5,2023-02-25,Afturelding,Stjarnan,1,2,650,14,14,49,49,0,1,28
2023,5,2023-02-25,Tindastóll,Breiðablik,0,8,651,14,100,47,52,0,29,3
2023,5,2023-02-25,FHL,Grindavík,2,4,652,100,100,45,48,1,7,11
2023,5,2023-02-26,Selfoss,FH,4,2,653,100,14,47,53,1,25,6
2023,5,2023-02-26,Grótta,Fylkir,2,5,654,100,100,38,45,1,13,10
2023,5,2023-02-27,Valur,Þróttur R.,0,2,655,100,16,50,49,1,30,39
2023,5,2023-02-28,Fram,HK,0,6,656,100,100,34,46,1,9,14
2023,5,2023-02-28,Augnablik,Víkingur R.,1,4,657,100,100,47,49,1,2,32
2023,5,2023-03-03,Stjarnan,Keflavík,2,0,658,6,6,50,46,0,28,21
2023,5,2023-03-03,Víkingur R.,Grótta,2,2,659,3,5,50,39,0,32,13
2023,5,2023-03-04,Þróttur R.,Selfoss,3,0,660,5,6,50,48,0,39,25
2023,5,2023-03-04,Þór/KA,Valur,4,3,661,7,5,47,51,0,40,30
2023,5,2023-03-04,Breiðablik,Afturelding,7,0,662,7,7,53,50,0,3,1
2023,5,2023-03-04,ÍBV,Tindastóll,0,3,663,7,7,47,48,0,36,29
2023,5,2023-03-04,FHL,Fram,4,1,664,7,4,46,35,0,7,9
2023,5,2023-03-07,FH,KR,4,0,665,9,10,54,49,0,6,20
2023,5,2023-03-07,Fylkir,Víkingur R.,2,5,666,9,4,46,51,0,10,32
2023,5,2023-03-07,HK,Grótta,5,2,667,7,4,47,40,0,14,13
2023,5,2023-03-08,Valur,Selfoss,7,1,668,4,4,52,49,0,30,25
2023,5,2023-03-10,Þróttur R.,Þór/KA,3,1,669,6,6,51,48,0,39,40
2023,5,2023-03-10,Stjarnan,Breiðablik,1,1,670,7,6,51,54,0,28,3
2023,5,2023-03-10,Augnablik,Fram,5,1,671,10,6,48,36,0,2,9
2023,5,2023-03-11,Afturelding,ÍBV,0,3,672,7,7,51,48,0,1,36
2023,5,2023-03-11,Víkingur R.,Grindavík,5,1,673,4,14,52,49,0,32,11
2023,5,2023-03-12,Valur,FH,3,2,674,4,5,53,55,0,30,6
2023,5,2023-03-14,Breiðablik,ÍBV,2,0,675,4,3,55,49,0,3,36
2023,5,2023-03-14,HK,Augnablik,3,0,676,7,4,48,49,0,14,2
2023,5,2023-03-16,Valur,KR,8,1,677,4,9,54,50,0,30,20
2023,5,2023-03-16,Fram,Grindavík,0,6,678,6,5,37,50,0,9,11
2023,5,2023-03-17,FH,Þróttur R.,2,5,679,5,7,56,52,0,6,39
2023,5,2023-03-17,Augnablik,FHL,1,2,680,3,13,50,47,0,2,7
2023,5,2023-03-18,Stjarnan,ÍBV,3,1,681,8,4,52,50,0,28,36
2023,5,2023-03-18,Tindastóll,Afturelding,2,0,682,14,7,49,52,0,29,1
2023,5,2023-03-19,Þór/KA,Selfoss,7,2,683,9,11,49,50,0,40,25
2023,5,2023-03-19,Breiðablik,Keflavík,9,0,684,5,16,56,47,0,3,21
2023,5,2023-03-19,Fylkir,FHL,2,0,685,12,2,47,48,0,10,7
2023,5,2023-03-22,Selfoss,KR,4,1,686,3,6,51,51,0,25,20
2023,5,2023-03-23,Breiðablik,Þór/KA,1,2,687,4,4,57,50,0,3,40
2023,5,2023-03-23,HK,Fylkir,1,0,688,9,4,49,48,0,14,10
2023,5,2023-03-25,Keflavík,Tindastóll,1,3,689,6,7,48,50,0,21,29
2023,5,2023-03-25,Þróttur R.,Stjarnan,1,1,690,8,7,53,53,0,39,28
2023,5,2023-03-25,FHL,Grótta,0,6,691,6,18,49,41,0,7,13
2023,5,2023-03-27,Fylkir,Grindavík,7,0,692,4,11,49,51,0,10,11
2023,5,2023-04-01,Stjarnan,Þór/KA,2,2,693,7,9,54,51,0,28,40
2023,5,2023-04-02,Augnablik,Grindavík,2,1,694,16,6,51,52,0,2,11
2023,5,2023-04-02,Grótta,Fram,4,0,695,8,17,42,38,0,13,9
2023,5,2023-04-05,Víkingur R.,HK,2,1,696,25,13,53,50,0,32,14
2023,5,2023-04-14,HK,Grindavík,5,2,697,9,12,51,53,0,14,11
2023,5,2023-04-14,Fram,Fylkir,0,0,698,12,18,39,50,0,9,10
2023,5,2023-04-14,Augnablik,Grótta,2,3,699,12,12,52,43,0,2,13
2023,5,2023-04-15,FHL,Víkingur R.,1,2,700,21,10,50,54,0,7,32
2023,5,2023-04-21,Víkingur R.,Fram,6,0,701,6,7,55,40,0,32,9
2023,5,2023-04-21,Fylkir,Augnablik,1,3,702,7,7,51,53,0,10,2
2023,5,2023-04-22,HK,FHL,3,2,703,8,7,52,51,0,14,7
2023,5,2023-04-22,Grótta,Grindavík,6,1,704,8,8,44,54,0,13,11
2023,4,2023-04-23,Völsungur,Sindri,3,0,705,100,100,35,28,1,33,26
2023,1,2023-04-25,ÍBV,Selfoss,1,0,706,38,34,51,52,0,36,25
2023,1,2023-04-25,Tindastóll,Keflavík,0,0,707,31,31,51,49,0,29,21
2023,1,2023-04-25,Valur,Breiðablik,1,0,708,40,33,55,58,0,30,3
2023,1,2023-04-26,Stjarnan,Þór/KA,0,1,709,25,25,55,52,0,28,40
2023,1,2023-04-26,Þróttur R.,FH,4,1,710,32,40,54,57,0,39,6
2023,4,2023-04-27,ÍA,Grótta,2,4,711,100,5,39,45,1,35,13
2023,4,2023-04-27,ÍH,Fylkir,2,4,712,100,6,13,52,1,37,10
2023,4,2023-04-27,Haukar,KH,5,1,713,100,100,48,31,1,17,18
2023,4,2023-04-27,Fram,HK,3,1,714,6,5,41,53,0,9,14
2023,4,2023-04-27,FHL,Einherji,2,0,715,5,100,52,26,0,7,5
2023,4,2023-04-28,Álftanes,ÍR,3,2,716,100,100,26,32,1,34,38
2023,4,2023-04-28,Víkingur R.,Smári,14,0,717,7,7,56,1,0,32,27
2023,4,2023-04-29,Fjölnir,Augnablik,2,4,718,100,8,43,54,1,8,2
2023,1,2023-05-01,Þór/KA,Keflavík,1,2,719,5,6,53,50,0,40,21
2023,2,2023-05-01,FHL,KR,2,1,720,4,40,53,52,0,7,20
2023,3,2023-05-01,ÍA,Sindri,7,0,721,4,8,40,29,0,35,26
2023,3,2023-05-01,ÍH,Einherji,3,1,722,4,4,14,27,0,37,5
2023,3,2023-05-01,ÍR,Völsungur,3,0,723,3,8,33,36,0,38,33
2023,1,2023-05-02,Valur,FH,2,0,724,7,6,56,58,0,30,6
2023,1,2023-05-02,Stjarnan,ÍBV,1,0,725,6,7,56,52,0,28,36
2023,1,2023-05-02,Tindastóll,Breiðablik,0,3,726,7,7,52,59,0,29,3
2023,2,2023-05-02,Fylkir,Afturelding,2,2,727,5,45,53,53,0,10,1
2023,2,2023-05-02,Víkingur R.,Grótta,2,1,728,4,5,57,46,0,32,13
2023,2,2023-05-02,Fram,Grindavík,2,2,729,5,10,42,55,0,9,11
2023,3,2023-05-02,Álftanes,Smári,8,0,730,4,4,27,2,0,34,27
2023,3,2023-05-02,Haukar,KH,3,2,731,5,5,49,32,0,17,18
2023,2,2023-05-03,HK,Augnablik,2,2,732,6,4,54,55,0,14,2
2023,1,2023-05-04,Selfoss,Þróttur R.,1,2,733,9,8,53,55,0,25,39
2023,3,2023-05-04,Fjölnir,ÍA,4,5,734,5,3,44,41,0,8,35
2023,1,2023-05-07,ÍBV,Þór/KA,0,1,735,5,6,53,54,0,36,40
2023,1,2023-05-07,Tindastóll,FH,1,1,736,5,5,53,59,0,29,6
2023,4,2023-05-07,Fylkir,Grótta,1,2,737,5,5,54,47,0,10,13
2023,4,2023-05-07,FHL,Völsungur,2,0,738,6,6,54,37,0,7,33
2023,4,2023-05-07,KR,Álftanes,3,1,739,6,5,53,28,0,20,34
2023,4,2023-05-07,Haukar,Grindavík,1,6,740,5,5,50,56,0,17,11
2023,4,2023-05-07,Afturelding,Fram,0,0,741,5,5,54,43,0,1,9
2023,4,2023-05-07,Víkingur R.,Augnablik,2,0,742,5,4,58,56,0,32,2
2023,1,2023-05-09,Keflavík,Breiðablik,0,6,743,8,7,51,60,0,21,3
2023,1,2023-05-10,Þróttur R.,Stjarnan,1,1,744,6,8,56,57,0,39,28
2023,1,2023-05-10,Valur,Selfoss,1,1,745,8,6,57,54,0,30,25
2023,2,2023-05-12,KR,Fylkir,0,6,746,5,5,54,55,0,20,10
2023,2,2023-05-12,HK,Fram,2,0,747,9,5,55,44,0,14,9
2023,2,2023-05-12,Víkingur R.,Augnablik,6,0,748,5,5,59,57,0,32,2
2023,3,2023-05-12,ÍH,ÍR,1,4,749,11,11,15,34,0,37,38
2023,3,2023-05-12,ÍA,Haukar,1,1,750,8,5,42,51,0,35,17
2023,2,2023-05-13,Grótta,Afturelding,5,2,751,6,6,48,55,0,13,1
2023,2,2023-05-13,Grindavík,FHL,1,0,752,6,6,57,55,0,11,7
2023,3,2023-05-13,Álftanes,Sindri,6,0,753,6,12,29,30,0,34,26
2023,3,2023-05-13,KH,Einherji,1,4,754,11,12,33,28,0,18,5
2023,3,2023-05-14,Fjölnir,Völsungur,4,1,755,10,7,45,38,0,8,33
2023,1,2023-05-15,Þór/KA,Breiðablik,2,0,756,8,6,55,61,0,40,3
2023,1,2023-05-15,ÍBV,Þróttur R.,3,0,757,8,5,54,57,0,36,39
2023,1,2023-05-16,Stjarnan,Valur,2,0,758,6,6,58,58,0,28,30
2023,1,2023-05-16,Selfoss,Tindastóll,3,1,759,6,9,55,54,0,25,29
2023,1,2023-05-16,FH,Keflavík,3,1,760,9,7,60,52,0,6,21
2023,2,2023-05-17,KR,Afturelding,0,4,761,5,4,55,56,0,20,1
2023,2,2023-05-17,Fylkir,Grindavík,3,0,762,5,4,56,58,0,10,11
2023,2,2023-05-17,Grótta,Augnablik,2,1,763,4,5,49,58,0,13,2
2023,2,2023-05-17,Fram,Víkingur R.,0,3,764,5,5,45,60,0,9,32
2023,3,2023-05-17,Fjölnir,ÍH,2,3,765,3,5,46,16,0,8,37
2023,3,2023-05-17,ÍR,KH,4,1,766,5,4,35,34,0,38,18
2023,3,2023-05-17,Haukar,Álftanes,0,0,767,5,4,52,30,0,17,34
2023,3,2023-05-17,ÍA,Einherji,1,0,768,5,4,43,29,0,35,5
2023,2,2023-05-18,FHL,HK,1,2,769,5,6,56,56,0,7,14
2023,3,2023-05-18,Sindri,Smári,1,1,770,5,16,31,3,0,26,27
2023,2,2023-05-21,Víkingur R.,FHL,4,1,771,4,3,61,57,0,32,7
2023,3,2023-05-21,Völsungur,ÍH,2,1,772,7,4,39,17,0,33,37
2023,3,2023-05-21,Einherji,Sindri,5,0,773,4,3,30,32,0,5,26
2023,1,2023-05-22,Valur,ÍBV,2,0,774,6,7,59,55,0,30,36
2023,1,2023-05-22,Þróttur R.,Þór/KA,2,1,775,7,7,58,56,0,39,40
2023,1,2023-05-22,Keflavík,Selfoss,1,0,776,6,6,53,56,0,21,25
2023,2,2023-05-23,HK,Fylkir,1,0,777,5,6,57,57,0,14,10
2023,1,2023-05-24,Tindastóll,Stjarnan,1,0,778,8,8,55,59,0,29,28
2023,1,2023-05-24,Breiðablik,FH,3,2,779,9,8,62,61,0,3,6
2023,2,2023-05-24,Grótta,KR,5,0,780,7,7,50,56,0,13,20
2023,2,2023-05-24,Grindavík,Afturelding,0,0,781,7,7,59,57,0,11,1
2023,2,2023-05-24,Augnablik,Fram,3,1,782,7,7,59,46,0,2,9
2023,3,2023-05-24,ÍR,Álftanes,1,1,783,7,7,36,31,0,38,34
2023,3,2023-05-24,Haukar,Smári,6,1,784,7,6,53,4,0,17,27
2023,4,2023-05-27,Grótta,Stjarnan,1,9,785,3,3,51,60,0,13,28
2023,4,2023-05-27,KR,Víkingur R.,1,4,786,3,6,57,62,0,20,32
2023,4,2023-05-27,Breiðablik,Fram,7,0,787,3,3,63,47,0,3,9
2023,4,2023-05-27,Tindastóll,Selfoss,0,1,788,3,5,56,57,0,29,25
2023,4,2023-05-27,Keflavík,Þór/KA,2,0,789,5,5,54,57,0,21,40
2023,4,2023-05-27,Þróttur R.,Valur,2,1,790,5,5,59,60,0,39,30
2023,3,2023-05-28,Sindri,Haukar,0,5,791,7,4,33,54,0,26,17
2023,4,2023-05-28,ÍBV,Grindavík,1,1,792,6,4,56,60,0,36,11
2023,3,2023-05-29,Álftanes,Einherji,0,2,793,5,8,32,31,0,34,5
2023,3,2023-05-29,Smári,Völsungur,1,2,794,5,8,5,40,0,27,33
2023,4,2023-05-29,FHL,FH,0,2,795,8,5,58,62,0,7,6
2023,3,2023-05-30,ÍA,ÍR,2,1,796,13,6,44,37,0,35,38
2023,3,2023-05-30,KH,Fjölnir,2,8,797,13,13,35,47,0,18,8
2023,1,2023-05-31,ÍBV,Tindastóll,1,2,798,3,4,57,57,0,36,29
2023,1,2023-05-31,Þróttur R.,Valur,1,2,799,4,4,60,61,0,39,30
2023,1,2023-05-31,Selfoss,Breiðablik,0,3,800,4,4,58,64,0,25,3
2023,1,2023-05-31,Stjarnan,Keflavík,3,0,801,4,4,61,55,0,28,21
2023,1,2023-06-01,Þór/KA,FH,0,2,802,5,3,58,63,0,40,6
2023,2,2023-06-01,Fram,Grótta,1,6,803,5,5,48,52,0,9,13
2023,2,2023-06-02,Afturelding,HK,0,1,804,9,10,58,58,0,1,14
2023,2,2023-06-02,KR,Grindavík,2,1,805,6,5,58,61,0,20,11
2023,3,2023-06-02,Haukar,Einherji,3,0,806,5,4,55,32,0,17,5
2023,2,2023-06-03,Fylkir,Víkingur R.,1,2,807,11,7,58,63,0,10,32
2023,2,2023-06-03,FHL,Augnablik,4,1,808,5,10,59,60,0,7,2
2023,3,2023-06-03,Smári,ÍH,0,3,809,5,13,6,18,0,27,37
2023,3,2023-06-03,Sindri,ÍR,0,4,810,6,4,34,38,0,26,38
2023,3,2023-06-04,KH,Völsungur,3,3,811,5,6,36,41,0,18,33
2023,3,2023-06-05,Álftanes,Fjölnir,1,4,812,7,6,33,48,0,34,8
2023,1,2023-06-06,Keflavík,ÍBV,0,0,813,6,6,56,58,0,21,36
2023,1,2023-06-06,FH,Selfoss,2,0,814,5,6,64,59,0,6,25
2023,1,2023-06-06,Tindastóll,Þróttur R.,1,3,815,6,6,58,61,0,29,39
2023,1,2023-06-06,Valur,Þór/KA,1,0,816,6,5,62,59,0,30,40
2023,1,2023-06-07,Breiðablik,Stjarnan,1,1,817,7,7,65,62,0,3,28
2023,2,2023-06-07,Grótta,Grindavík,0,1,818,6,5,53,62,0,13,11
2023,2,2023-06-08,HK,KR,6,1,819,6,6,59,59,0,14,20
2023,2,2023-06-08,Augnablik,Fylkir,0,5,820,5,5,61,59,0,2,10
2023,2,2023-06-08,Víkingur R.,Afturelding,2,3,821,5,6,64,59,0,32,1
2023,3,2023-06-09,ÍH,KH,5,1,822,6,5,19,37,0,37,18
2023,3,2023-06-09,ÍR,Haukar,2,2,823,6,7,39,56,0,38,17
2023,2,2023-06-10,Fram,FHL,3,2,824,9,7,49,60,0,9,7
2023,3,2023-06-10,Fjölnir,Sindri,7,2,825,5,7,49,35,0,8,26
2023,3,2023-06-10,Völsungur,ÍA,2,0,826,6,11,42,45,0,33,35
2023,1,2023-06-11,Þór/KA,Selfoss,3,0,827,5,5,60,60,0,40,25
2023,1,2023-06-12,ÍBV,Breiðablik,0,3,828,6,5,59,66,0,36,3
2023,1,2023-06-12,Þróttur R.,Keflavík,1,2,829,6,6,62,57,0,39,21
2023,1,2023-06-12,Stjarnan,FH,0,2,830,5,6,63,65,0,28,6
2023,1,2023-06-12,Valur,Tindastóll,5,0,831,6,6,63,59,0,30,29
2023,2,2023-06-13,KR,Víkingur R.,0,5,832,5,5,60,65,0,20,32
2023,2,2023-06-13,Grindavík,HK,5,3,833,6,5,63,60,0,11,14
2023,2,2023-06-13,Afturelding,Augnablik,4,0,834,5,5,60,62,0,1,2
2023,2,2023-06-15,Fylkir,Fram,3,0,835,7,5,60,50,0,10,9
2023,3,2023-06-15,ÍA,ÍH,0,2,836,5,6,46,20,0,35,37
2023,4,2023-06-15,ÍBV,FH,1,3,837,3,3,60,66,0,36,6
2023,4,2023-06-15,Þróttur R.,Breiðablik,0,3,838,3,3,63,67,0,39,3
2023,3,2023-06-16,Smári,KH,1,6,839,13,7,7,38,0,27,18
2023,3,2023-06-16,Haukar,Fjölnir,1,1,840,7,6,57,50,0,17,8
2023,4,2023-06-16,Víkingur R.,Selfoss,2,1,841,3,5,66,61,0,32,25
2023,4,2023-06-16,Keflavík,Stjarnan,0,1,842,4,4,58,64,0,21,28
2023,2,2023-06-18,FHL,Grótta,5,3,843,8,11,61,54,0,7,13
2023,3,2023-06-18,Einherji,ÍR,1,2,844,16,9,33,40,0,5,38
2023,3,2023-06-18,Álftanes,Völsungur,4,1,845,13,8,34,43,0,34,33
2023,2,2023-06-19,Augnablik,KR,0,1,846,6,6,63,61,0,2,20
2023,1,2023-06-21,FH,ÍBV,2,1,847,6,6,67,61,0,6,36
2023,1,2023-06-21,Selfoss,Stjarnan,2,1,848,5,5,62,65,0,25,28
2023,1,2023-06-21,Breiðablik,Þróttur R.,2,2,849,6,6,68,64,0,3,39
2023,1,2023-06-21,Keflavík,Valur,1,1,850,5,9,59,64,0,21,30
2023,1,2023-06-21,Þór/KA,Tindastóll,5,0,851,10,9,61,60,0,40,29
2023,2,2023-06-21,Fram,Afturelding,2,1,852,6,8,51,61,0,9,1
2023,2,2023-06-21,Víkingur R.,Grindavík,3,3,853,5,8,67,64,0,32,11
2023,3,2023-06-22,Fjölnir,Einherji,1,0,854,6,4,51,34,0,8,5
2023,2,2023-06-23,Grótta,HK,1,1,855,5,10,55,61,0,13,14
2023,3,2023-06-23,KH,ÍA,2,7,856,7,8,39,47,0,18,35
2023,3,2023-06-23,ÍH,Álftanes,2,2,857,8,5,21,35,0,37,34
2023,3,2023-06-23,ÍR,Smári,4,1,858,5,7,41,8,0,38,27
2023,3,2023-06-23,Völsungur,Sindri,6,1,859,5,13,44,36,0,33,26
2023,2,2023-06-24,FHL,Fylkir,2,4,860,6,9,62,61,0,7,10
2023,1,2023-06-25,Þór/KA,Stjarnan,3,3,861,4,4,62,66,0,40,28
2023,1,2023-06-25,Breiðablik,Valur,2,1,862,4,4,69,65,0,3,30
2023,1,2023-06-26,Selfoss,ÍBV,0,2,863,5,5,63,62,0,25,36
2023,1,2023-06-26,FH,Þróttur R.,0,0,864,5,5,68,65,0,6,39
2023,1,2023-06-26,Keflavík,Tindastóll,0,1,865,5,5,60,61,0,21,29
2023,2,2023-06-27,HK,Víkingur R.,1,3,866,4,6,62,68,0,14,32
2023,2,2023-06-28,Fylkir,Grótta,1,2,867,4,5,62,56,0,10,13
2023,2,2023-06-29,Grindavík,Augnablik,3,2,868,8,10,65,64,0,11,2
2023,2,2023-06-29,KR,Fram,0,2,869,10,8,62,52,0,20,9
2023,3,2023-06-29,Smári,ÍA,1,4,870,6,6,9,48,0,27,35
2023,3,2023-06-30,ÍR,Fjölnir,4,4,871,7,8,42,52,0,38,8
2023,3,2023-06-30,Álftanes,KH,3,1,872,7,7,36,40,0,34,18
2023,4,2023-06-30,FH,Víkingur R.,1,2,873,4,3,69,69,0,6,32
2023,2,2023-07-01,Afturelding,FHL,1,0,874,10,7,62,63,0,1,7
2023,3,2023-07-01,Völsungur,Haukar,0,3,875,8,15,45,58,0,33,17
2023,3,2023-07-01,Sindri,ÍH,1,5,876,8,8,37,22,0,26,37
2023,4,2023-07-01,Stjarnan,Breiðablik,1,1,877,6,6,67,70,0,28,3
2023,2,2023-07-02,Augnablik,HK,2,5,878,3,5,65,63,0,2,14
2023,1,2023-07-03,Þróttur R.,Selfoss,3,0,879,7,7,66,64,0,39,25
2023,1,2023-07-04,Keflavík,Þór/KA,0,1,880,8,9,61,63,0,21,40
2023,1,2023-07-04,ÍBV,Stjarnan,1,2,881,8,3,63,68,0,36,28
2023,1,2023-07-04,Breiðablik,Tindastóll,4,0,882,3,8,71,62,0,3,29
2023,1,2023-07-04,FH,Valur,2,3,883,4,9,70,66,0,6,30
2023,2,2023-07-05,Grindavík,Fram,1,0,884,6,6,66,53,0,11,9
2023,3,2023-07-05,KH,Sindri,8,2,885,5,4,41,38,0,18,26
2023,3,2023-07-05,Fjölnir,Smári,6,0,886,5,6,53,10,0,8,27
2023,3,2023-07-05,Einherji,Völsungur,0,1,887,13,4,35,46,0,5,33
2023,3,2023-07-05,ÍA,Álftanes,3,3,888,6,5,49,37,0,35,34
2023,3,2023-07-05,ÍH,Haukar,1,0,889,4,4,23,59,0,37,17
2023,2,2023-07-06,Grótta,Víkingur R.,4,4,890,8,6,57,70,0,13,32
2023,2,2023-07-06,Afturelding,Fylkir,1,2,891,5,8,63,63,0,1,10
2023,1,2023-07-08,Breiðablik,Keflavík,2,0,892,4,4,72,62,0,3,21
2023,1,2023-07-08,Stjarnan,Þróttur R.,0,2,893,4,5,69,67,0,28,39
2023,2,2023-07-08,KR,FHL,1,1,894,9,7,63,64,0,20,7
2023,1,2023-07-09,FH,Tindastóll,1,0,895,5,5,71,63,0,6,29
2023,1,2023-07-09,Selfoss,Valur,0,3,896,6,5,65,67,0,25,30
2023,1,2023-07-09,Þór/KA,ÍBV,0,2,897,5,5,64,64,0,40,36
2023,3,2023-07-09,Sindri,ÍA,0,7,898,4,4,39,50,0,26,35
2023,3,2023-07-09,KH,Haukar,0,3,899,4,4,42,60,0,18,17
2023,3,2023-07-09,Einherji,ÍH,2,1,900,4,4,36,24,0,5,37
2023,3,2023-07-09,Völsungur,ÍR,4,1,901,4,9,47,43,0,33,38
2023,3,2023-07-10,Smári,Álftanes,2,10,902,5,5,11,38,0,27,34
2023,2,2023-07-13,Fylkir,KR,2,1,903,7,5,64,64,0,10,20
2023,3,2023-07-14,ÍR,ÍH,1,4,904,5,5,44,25,0,38,37
2023,3,2023-07-15,Einherji,KH,7,2,905,6,6,37,43,0,5,18
2023,3,2023-07-16,Völsungur,Fjölnir,1,3,906,7,11,48,54,0,33,8
2023,3,2023-07-16,Sindri,Álftanes,0,5,907,7,6,40,39,0,26,34
2023,3,2023-07-19,Álftanes,Haukar,3,0,908,3,10,40,61,0,34,17
2023,2,2023-07-20,Fram,HK,2,1,909,15,18,54,64,0,9,14
2023,2,2023-07-20,Afturelding,Grótta,3,1,910,14,14,64,58,0,1,13
2023,3,2023-07-20,KH,ÍR,0,2,911,5,6,44,45,0,18,38
2023,3,2023-07-20,ÍH,Fjölnir,3,3,912,6,4,26,55,0,37,8
2023,2,2023-07-22,FHL,Grindavík,4,2,913,14,17,65,67,0,7,11
2023,3,2023-07-22,Smári,Sindri,2,5,914,12,6,12,41,0,27,26
2023,3,2023-07-22,Einherji,ÍA,1,0,915,7,13,38,51,0,5,35
2023,1,2023-07-23,Tindastóll,ÍBV,4,1,916,14,14,64,65,0,29,36
2023,3,2023-07-23,Haukar,Sindri,11,0,917,4,1,62,42,0,17,26
2023,2,2023-07-27,Afturelding,KR,2,0,918,7,14,65,65,0,1,20
2023,2,2023-07-27,Augnablik,Grótta,1,6,919,25,7,66,59,0,2,13
2023,3,2023-07-27,ÍR,ÍA,3,1,920,7,5,46,52,0,38,35
2023,2,2023-07-28,Grindavík,Fylkir,2,2,921,6,15,68,65,0,11,10
2023,3,2023-07-28,Fjölnir,KH,6,0,922,8,8,56,45,0,8,18
2023,3,2023-07-28,Völsungur,Smári,5,0,923,12,6,49,13,0,33,27
2023,1,2023-07-29,FH,Breiðablik,1,1,924,20,21,72,73,0,6,3
2023,1,2023-07-29,Stjarnan,Tindastóll,2,1,925,21,6,70,65,0,28,29
2023,1,2023-07-29,ÍBV,Valur,1,7,926,6,20,66,68,0,36,30
2023,1,2023-07-29,Þór/KA,Þróttur R.,0,4,927,20,21,65,68,0,40,39
2023,1,2023-07-29,Selfoss,Keflavík,1,0,928,20,21,66,63,0,25,21
2023,2,2023-07-29,HK,FHL,3,1,929,9,7,65,66,0,14,7
2023,2,2023-07-29,Víkingur R.,Fram,2,0,930,23,9,71,55,0,32,9
2023,3,2023-07-30,Einherji,Smári,6,0,931,8,2,39,14,0,5,27
2023,2,2023-08-01,KR,Grótta,1,4,932,5,5,66,60,0,20,13
2023,2,2023-08-01,Afturelding,Grindavík,3,1,933,5,4,66,69,0,1,11
2023,1,2023-08-02,FH,Þór/KA,0,1,934,4,4,73,66,0,6,40
2023,1,2023-08-02,Keflavík,Stjarnan,1,1,935,4,4,64,71,0,21,28
2023,2,2023-08-02,FHL,Víkingur R.,0,1,936,4,4,67,72,0,7,32
2023,2,2023-08-02,Fram,Augnablik,5,0,937,4,6,56,67,0,9,2
2023,2,2023-08-02,Fylkir,HK,3,2,938,5,4,66,66,0,10,14
2023,3,2023-08-02,Sindri,Einherji,1,6,939,10,3,43,40,0,26,5
2023,3,2023-08-02,Álftanes,ÍR,0,4,940,14,6,41,47,0,34,38
2023,1,2023-08-03,Breiðablik,Selfoss,4,0,941,5,5,74,67,0,3,25
2023,1,2023-08-03,Valur,Þróttur R.,2,1,942,5,5,69,69,0,30,39
2023,3,2023-08-03,ÍH,Völsungur,0,3,943,14,6,27,50,0,37,33
2023,3,2023-08-03,Smári,Haukar,0,13,944,4,11,15,63,0,27,17
2023,3,2023-08-03,ÍA,Fjölnir,4,3,945,7,6,53,57,0,35,8
2023,1,2023-08-07,Breiðablik,Þór/KA,4,2,946,4,5,75,67,0,3,40
2023,2,2023-08-07,Augnablik,Víkingur R.,0,4,947,5,5,68,73,0,2,32
2023,1,2023-08-08,Tindastóll,Selfoss,0,0,948,10,5,66,68,0,29,25
2023,1,2023-08-09,Valur,Stjarnan,1,1,949,6,7,70,72,0,30,28
2023,1,2023-08-10,Þróttur R.,ÍBV,1,1,950,7,12,70,67,0,39,36
2023,1,2023-08-10,Keflavík,FH,1,1,951,8,8,65,74,0,21,6
2023,2,2023-08-10,Grótta,Fram,1,1,952,9,8,61,57,0,13,9
2023,2,2023-08-10,HK,Afturelding,5,0,953,8,9,67,67,0,14,1
2023,3,2023-08-11,Völsungur,KH,2,0,954,8,14,51,46,0,33,18
2023,4,2023-08-11,Víkingur R.,Breiðablik,3,1,955,4,4,74,76,0,32,3
2023,2,2023-08-12,Augnablik,FHL,5,6,956,5,10,69,68,0,2,7
2023,2,2023-08-12,Grindavík,KR,3,2,957,11,11,70,67,0,11,20
2023,3,2023-08-12,ÍR,Sindri,8,1,958,10,10,48,44,0,38,26
2023,3,2023-08-13,Einherji,Haukar,4,2,959,11,10,41,64,0,5,17
2023,1,2023-08-15,ÍBV,Keflavík,1,0,960,5,5,68,66,0,36,21
2023,1,2023-08-15,Selfoss,FH,1,3,961,7,5,69,75,0,25,6
2023,1,2023-08-15,Þór/KA,Valur,2,3,962,8,6,68,71,0,40,30
2023,1,2023-08-15,Þróttur R.,Tindastóll,0,2,963,5,7,71,67,0,39,29
2023,1,2023-08-16,Stjarnan,Breiðablik,4,2,964,7,5,73,77,0,28,3
2023,2,2023-08-17,KR,HK,2,3,965,5,7,68,68,0,20,14
2023,2,2023-08-17,Grindavík,Grótta,3,5,966,5,7,71,62,0,11,13
2023,2,2023-08-17,Fylkir,Augnablik,7,1,967,15,5,67,70,0,10,2
2023,2,2023-08-17,Afturelding,Víkingur R.,2,2,968,7,6,68,75,0,1,32
2023,3,2023-08-17,KH,ÍH,1,3,969,6,14,47,28,0,18,37
2023,3,2023-08-18,Haukar,ÍR,1,2,970,5,6,65,49,0,17,38
2023,3,2023-08-19,Smári,Einherji,0,6,971,16,6,16,42,0,27,5
2023,3,2023-08-19,Sindri,Fjölnir,0,10,972,7,16,45,58,0,26,8
2023,3,2023-08-19,ÍA,Völsungur,5,1,973,16,8,54,52,0,35,33
2023,1,2023-08-20,FH,Stjarnan,0,1,974,5,4,76,74,0,6,28
2023,1,2023-08-20,Selfoss,Þór/KA,1,2,975,5,5,70,69,0,25,40
2023,1,2023-08-20,Breiðablik,ÍBV,0,0,976,4,5,78,69,0,3,36
2023,1,2023-08-20,Keflavík,Þróttur R.,1,0,977,5,5,67,72,0,21,39
2023,1,2023-08-20,Tindastóll,Valur,0,3,978,5,5,68,72,0,29,30
2023,2,2023-08-20,FHL,Fram,1,1,979,8,10,69,58,0,7,9
2023,2,2023-08-23,Víkingur R.,KR,5,1,980,6,6,76,69,0,32,20
2023,2,2023-08-24,Augnablik,Afturelding,1,3,981,7,7,71,69,0,2,1
2023,2,2023-08-24,HK,Grindavík,5,0,982,7,7,69,72,0,14,11
2023,3,2023-08-24,KH,Smári,0,1,983,7,5,48,17,0,18,27
2023,3,2023-08-24,ÍH,ÍA,1,6,984,7,5,29,55,0,37,35
2023,2,2023-08-25,Fram,Fylkir,2,3,985,5,8,59,68,0,9,10
2023,3,2023-08-25,Fjölnir,Haukar,0,1,986,6,7,59,66,0,8,17
2023,2,2023-08-26,Grótta,FHL,4,2,987,9,6,63,70,0,13,7
2023,3,2023-08-26,ÍR,Einherji,4,2,988,8,7,50,43,0,38,5
2023,3,2023-08-26,Völsungur,Álftanes,1,0,989,7,24,53,42,0,33,34
2023,1,2023-08-27,Þróttur R.,Breiðablik,4,2,990,7,7,73,79,0,39,3
2023,1,2023-08-27,Tindastóll,Þór/KA,0,0,991,7,7,69,70,0,29,40
2023,1,2023-08-27,Stjarnan,Selfoss,3,0,992,7,7,75,71,0,28,25
2023,1,2023-08-27,ÍBV,FH,0,2,993,7,7,70,77,0,36,6
2023,1,2023-08-27,Valur,Keflavík,4,1,994,7,7,73,68,0,30,21
2023,2,2023-08-29,Víkingur R.,Fylkir,4,2,995,6,4,77,69,0,32,10
2023,3,2023-08-29,Fjölnir,Álftanes,4,1,996,4,3,60,43,0,8,34
2023,3,2023-08-29,Haukar,ÍA,2,0,997,4,5,67,56,0,17,35
2023,1,2023-08-31,Stjarnan,FH,3,2,998,4,4,76,78,0,28,6
2023,1,2023-08-31,Valur,Þór/KA,6,0,999,4,4,74,71,0,30,40
2023,2,2023-09-01,HK,Grótta,1,3,1000,8,6,70,64,0,14,13
2023,2,2023-09-02,KR,Augnablik,7,0,1001,10,9,70,72,0,20,2
2023,2,2023-09-02,Fylkir,FHL,4,0,1002,4,7,70,71,0,10,7
2023,3,2023-09-02,Smári,ÍR,1,4,1003,9,7,18,51,0,27,38
2023,3,2023-09-02,ÍA,KH,5,1,1004,4,9,57,49,0,35,18
2023,1,2023-09-03,Tindastóll,Keflavík,1,1,1005,7,7,70,69,0,29,21
2023,3,2023-09-03,Einherji,Fjölnir,2,1,1006,8,5,44,61,0,5,8
2023,3,2023-09-03,Álftanes,ÍH,3,1,1007,5,10,44,30,0,34,37
2023,3,2023-09-03,Sindri,Völsungur,0,2,1008,15,8,46,54,0,26,33
2023,1,2023-09-04,Breiðablik,Þróttur R.,0,4,1009,8,8,80,74,0,3,39
2023,2,2023-09-04,Grindavík,Víkingur R.,4,2,1010,11,6,73,78,0,11,32
2023,2,2023-09-04,Afturelding,Fram,2,2,1011,11,10,70,60,0,1,9
2023,1,2023-09-05,ÍBV,Selfoss,2,1,1012,9,9,71,72,0,36,25
2023,3,2023-09-07,KH,Álftanes,3,3,1013,5,4,50,45,0,18,34
2023,3,2023-09-07,ÍA,Smári,6,0,1014,5,5,58,19,0,35,27
2023,2,2023-09-09,Víkingur R.,HK,0,1,1015,5,8,79,71,0,32,14
2023,2,2023-09-09,Grótta,Fylkir,2,3,1016,8,7,65,71,0,13,10
2023,2,2023-09-09,FHL,Afturelding,3,3,1017,7,5,72,71,0,7,1
2023,2,2023-09-09,Augnablik,Grindavík,0,7,1018,7,5,73,74,0,2,11
2023,2,2023-09-09,Fram,KR,3,2,1019,5,7,61,71,0,9,20
2023,3,2023-09-09,ÍH,Sindri,7,0,1020,6,6,31,47,0,37,26
2023,3,2023-09-09,Haukar,Völsungur,3,1,1021,11,6,68,55,0,17,33
2023,3,2023-09-09,Fjölnir,ÍR,1,3,1022,6,7,62,52,0,8,38
2023,1,2023-09-10,Selfoss,Tindastóll,1,2,1023,5,7,73,71,0,25,29
2023,1,2023-09-10,ÍBV,Keflavík,1,2,1024,5,7,72,70,0,36,21
2023,1,2023-09-12,FH,Þróttur R.,2,3,1025,12,8,79,75,0,6,39
2023,1,2023-09-13,Þór/KA,Breiðablik,3,2,1026,13,9,72,81,0,40,3
2023,1,2023-09-14,Stjarnan,Valur,1,0,1027,14,14,77,75,0,28,30
2023,3,2023-09-15,Völsungur,Einherji,0,1,1028,6,12,56,45,0,33,5
2023,3,2023-09-15,Haukar,ÍH,5,0,1029,6,6,69,32,0,17,37
2023,3,2023-09-15,Smári,Fjölnir,0,5,1030,8,6,20,63,0,27,8
2023,3,2023-09-15,Álftanes,ÍA,0,4,1031,8,8,46,59,0,34,35
2023,1,2023-09-16,Keflavík,Selfoss,1,0,1032,6,6,71,74,0,21,25
2023,1,2023-09-16,Tindastóll,ÍBV,7,2,1033,6,6,72,73,0,29,36
2023,3,2023-09-16,Sindri,KH,2,1,1034,7,9,48,51,0,26,18
2023,1,2023-09-17,Valur,FH,3,1,1035,3,5,76,80,0,30,6
2023,1,2023-09-17,Breiðablik,Stjarnan,2,0,1036,4,3,82,78,0,3,28
2023,1,2023-09-17,Þróttur R.,Þór/KA,0,2,1037,5,4,76,73,0,39,40
2023,3,2023-09-27,ÍH,Smári,3,1,1038,12,12,33,21,0,37,27
2023,1,2023-09-30,Breiðablik,FH,3,1,1039,13,13,83,81,0,3,6
2023,1,2023-09-30,Þróttur R.,Valur,1,1,1040,13,13,77,77,0,39,30
2023,1,2023-09-30,Þór/KA,Stjarnan,1,3,1041,13,13,74,79,0,40,28
2023,1,2023-10-06,FH,Þór/KA,0,0,1042,6,6,82,75,0,6,40
2023,1,2023-10-06,Valur,Breiðablik,0,1,1043,6,6,78,84,0,30,3
2023,1,2023-10-06,Stjarnan,Þróttur R.,0,1,1044,6,6,80,78,0,28,39
2024,5,2024-02-08,Þróttur R.,FH,2,5,1045,100,100,79,83,1,39,6
2024,5,2024-02-09,Valur,Keflavík,4,0,1046,100,100,79,72,1,30,21
2024,5,2024-02-09,Stjarnan,Víkingur R.,1,2,1047,100,100,81,80,1,28,32
2024,5,2024-02-10,Tindastóll,Fylkir,3,3,1048,100,100,73,72,1,29,10
2024,5,2024-02-10,ÍBV,Þór/KA,0,7,1049,100,100,74,76,1,36,40
2024,5,2024-02-11,Fram,Grindavík,2,3,1050,100,100,62,75,1,9,11
2024,5,2024-02-12,ÍR,Grótta,0,2,1051,100,100,53,66,1,38,13
2024,5,2024-02-14,Valur,Fylkir,5,1,1052,5,4,80,73,0,30,10
2024,5,2024-02-15,Þróttur R.,Stjarnan,1,1,1053,7,6,80,82,0,39,28
2024,5,2024-02-16,Þór/KA,Víkingur R.,5,0,1054,6,7,77,81,0,40,32
2024,5,2024-02-16,Afturelding,Fram,9,2,1055,100,5,72,63,1,1,9
2024,5,2024-02-17,Keflavík,Fylkir,1,4,1056,8,3,73,74,0,21,10
2024,5,2024-02-17,Breiðablik,Tindastóll,2,1,1057,100,7,85,74,1,3,29
2024,5,2024-02-17,FH,ÍBV,5,1,1058,9,7,84,75,0,6,36
2024,5,2024-02-17,ÍA,ÍR,2,0,1059,100,5,60,54,1,35,38
2024,5,2024-02-17,HK,Grindavík,3,1,1060,100,6,72,76,1,14,11
2024,5,2024-02-18,Valur,Selfoss,4,0,1061,4,100,81,75,0,30,25
2024,5,2024-02-22,Afturelding,HK,2,0,1062,6,5,73,73,0,1,14
2024,5,2024-02-23,Selfoss,Breiðablik,0,4,1063,5,6,76,86,0,25,3
2024,5,2024-02-24,FHL,ÍA,1,2,1064,100,7,73,61,1,7,35
2024,5,2024-02-26,Fram,Grótta,3,3,1065,10,14,64,67,0,9,13
2024,5,2024-02-26,ÍR,Grindavík,3,0,1066,9,9,55,77,0,38,11
2024,5,2024-03-01,FH,Stjarnan,0,2,1067,13,15,85,83,0,6,28
2024,5,2024-03-02,Fylkir,Breiðablik,0,4,1068,14,8,75,87,0,10,3
2024,5,2024-03-02,Tindastóll,Valur,0,3,1069,14,13,75,82,0,29,30
2024,5,2024-03-02,Selfoss,Keflavík,0,3,1070,8,14,77,74,0,25,21
2024,5,2024-03-02,Víkingur R.,ÍBV,4,2,1071,15,14,82,76,0,32,36
2024,5,2024-03-02,Þór/KA,Þróttur R.,6,2,1072,15,16,78,81,0,40,39
2024,5,2024-03-02,ÍA,Grindavík,3,3,1073,7,5,62,78,0,35,11
2024,5,2024-03-02,FHL,Afturelding,0,5,1074,7,9,74,74,0,7,1
2024,5,2024-03-04,ÍR,HK,4,2,1075,7,11,56,74,0,38,14
2024,5,2024-03-08,Víkingur R.,Þróttur R.,2,5,1076,6,6,83,82,0,32,39
2024,5,2024-03-08,Grótta,FHL,2,2,1077,11,6,68,75,0,13,7
2024,5,2024-03-09,Keflavík,Breiðablik,1,2,1078,7,7,75,88,0,21,3
2024,5,2024-03-09,Selfoss,Tindastóll,0,2,1079,7,7,78,76,0,25,29
2024,5,2024-03-09,Stjarnan,ÍBV,2,1,1080,8,7,84,77,0,28,36
2024,5,2024-03-09,FH,Þór/KA,1,2,1081,8,7,86,79,0,6,40
2024,5,2024-03-09,ÍA,Fram,1,2,1082,7,12,63,65,0,35,9
2024,5,2024-03-10,Grindavík,FHL,5,4,1083,8,2,79,76,0,11,7
2024,5,2024-03-14,Breiðablik,Valur,2,3,1084,5,12,89,83,0,3,30
2024,5,2024-03-14,ÍR,Afturelding,3,0,1085,10,12,57,75,0,38,1
2024,5,2024-03-15,Fylkir,Selfoss,5,3,1086,13,6,76,79,0,10,25
2024,5,2024-03-15,Víkingur R.,FH,2,4,1087,7,6,84,87,0,32,6
2024,5,2024-03-16,Þróttur R.,ÍBV,5,0,1088,8,7,83,78,0,39,36
2024,5,2024-03-16,Þór/KA,Stjarnan,2,3,1089,7,7,80,85,0,40,28
2024,5,2024-03-19,Tindastóll,Keflavík,3,0,1090,10,10,77,76,0,29,21
2024,5,2024-03-21,Grótta,Afturelding,0,4,1091,13,7,69,76,0,13,1
2024,5,2024-03-23,Þór/KA,Breiðablik,3,6,1092,7,9,81,90,0,40,3
2024,5,2024-03-25,Valur,Stjarnan,4,0,1093,11,9,84,86,0,30,28
2024,5,2024-03-25,Fram,ÍR,7,0,1094,16,11,66,58,0,9,38
2024,5,2024-03-28,FHL,HK,2,1,1095,18,24,77,75,0,7,14
2024,5,2024-03-29,Valur,Breiðablik,2,1,1096,4,6,85,91,0,30,3
2024,5,2024-04-05,ÍA,Afturelding,2,2,1097,27,15,64,77,0,35,1
2024,5,2024-04-10,HK,ÍA,1,1,1098,13,5,76,65,0,14,35
2024,5,2024-04-11,Grótta,Grindavík,2,4,1099,21,32,70,80,0,13,11
2024,5,2024-04-12,Fram,FHL,2,2,1100,18,15,67,78,0,9,7
2024,5,2024-04-14,Grótta,HK,0,1,1101,3,4,71,77,0,13,14
2024,5,2024-04-14,ÍR,FHL,0,1,1102,20,2,59,79,0,38,7
2024,5,2024-04-17,HK,Fram,3,0,1103,3,5,78,68,0,14,9
2024,5,2024-04-17,Afturelding,Grindavík,0,0,1104,12,6,78,81,0,1,11
2024,5,2024-04-17,Grótta,ÍA,1,1,1105,3,7,72,66,0,13,35
2024,4,2024-04-20,Dalvík/Reynir,Einherji,0,3,1106,7,100,1,46,1,4,5
2024,4,2024-04-20,Haukar,ÍR,2,0,1107,100,6,70,60,1,17,38
2024,1,2024-04-21,Valur,Þór/KA,3,1,1108,23,29,86,82,0,30,40
2024,4,2024-04-21,Fjölnir,Sindri,8,0,1109,100,100,64,49,1,8,26
2024,4,2024-04-21,Völsungur,FHL,1,2,1110,100,7,57,80,1,33,7
2024,4,2024-04-21,Smári,Grindavík,0,9,1111,100,4,22,82,1,27,11
2024,4,2024-04-21,Augnablik,Fram,0,5,1112,100,4,74,69,1,2,9
2024,1,2024-04-22,Tindastóll,FH,0,1,1113,34,38,78,88,0,29,6
2024,1,2024-04-22,Breiðablik,Keflavík,3,0,1114,24,34,92,77,0,3,21
2024,1,2024-04-22,Stjarnan,Víkingur R.,1,2,1115,28,38,87,85,0,28,32
2024,1,2024-04-22,Fylkir,Þróttur R.,1,1,1116,38,37,77,84,0,10,39
2024,4,2024-04-22,KR,Álftanes,2,0,1117,100,100,72,47,1,20,34
2024,4,2024-04-22,Afturelding,KH,4,0,1118,5,100,79,52,0,1,18
2024,4,2024-04-22,ÍA,Selfoss,5,4,1119,5,38,67,80,0,35,25
2024,4,2024-04-23,HK,Grótta,0,0,1120,6,6,79,73,0,14,13
2024,1,2024-04-27,Keflavík,Stjarnan,2,3,1121,5,5,78,88,0,21,28
2024,1,2024-04-27,Þróttur R.,Valur,1,2,1122,5,6,85,87,0,39,30
2024,1,2024-04-27,Víkingur R.,Fylkir,2,2,1123,5,5,86,78,0,32,10
2024,1,2024-04-27,Breiðablik,Tindastóll,3,0,1124,5,5,93,79,0,3,29
2024,1,2024-04-27,FH,Þór/KA,0,4,1125,5,6,89,83,0,6,40
2024,4,2024-04-30,Haukar,Grótta,2,3,1126,10,7,71,74,0,17,13
2024,4,2024-05-01,Fram,ÍH,5,1,1127,10,100,70,34,0,9,37
2024,4,2024-05-01,Einherji,FHL,0,5,1128,11,10,47,81,0,5,7
2024,4,2024-05-01,Fjölnir,ÍA,0,1,1129,10,9,65,68,0,8,35
2024,4,2024-05-01,ÍBV,Afturelding,1,2,1130,46,9,79,80,0,36,1
2024,4,2024-05-01,Grindavík,KR,2,1,1131,10,9,83,73,0,11,20
2024,1,2024-05-02,Valur,Víkingur R.,7,2,1132,5,5,88,87,0,30,32
2024,1,2024-05-02,Þór/KA,Þróttur R.,2,1,1133,5,5,84,86,0,40,39
2024,1,2024-05-02,Fylkir,Keflavík,4,2,1134,5,5,79,79,0,10,21
2024,1,2024-05-03,Breiðablik,FH,3,0,1135,6,6,94,90,0,3,6
2024,1,2024-05-03,Stjarnan,Tindastóll,0,2,1136,6,6,89,80,0,28,29
2024,3,2024-05-04,KR,Vestri,4,0,1137,3,7,74,1,0,20,31
2024,2,2024-05-05,Afturelding,ÍBV,2,1,1138,4,4,81,80,0,1,36
2024,2,2024-05-05,Selfoss,FHL,2,2,1139,13,4,81,82,0,25,7
2024,2,2024-05-06,Fram,ÍR,8,2,1140,5,16,71,61,0,9,38
2024,2,2024-05-06,ÍA,Grindavík,1,0,1141,5,5,69,84,0,35,11
2024,2,2024-05-07,HK,Grótta,3,3,1142,14,7,80,75,0,14,13
2024,1,2024-05-08,Breiðablik,Stjarnan,5,1,1143,5,5,95,90,0,3,28
2024,1,2024-05-08,FH,Þróttur R.,1,0,1144,5,6,91,87,0,6,39
2024,1,2024-05-08,Keflavík,Valur,1,2,1145,6,6,80,89,0,21,30
2024,1,2024-05-09,Víkingur R.,Þór/KA,1,2,1146,7,7,88,85,0,32,40
2024,1,2024-05-09,Tindastóll,Fylkir,3,0,1147,6,7,81,80,0,29,10
2024,3,2024-05-09,Augnablik,Vestri,3,0,1148,18,5,75,2,0,2,31
2024,3,2024-05-09,Haukar,Fjölnir,6,3,1149,9,8,72,66,0,17,8
2024,3,2024-05-11,KR,Einherji,2,0,1150,7,10,75,48,0,20,5
2024,3,2024-05-11,Sindri,Smári,3,1,1151,20,20,50,23,0,26,27
2024,3,2024-05-11,ÍH,Dalvík/Reynir,7,1,1152,10,21,35,2,0,37,4
2024,2,2024-05-12,FHL,ÍA,4,3,1153,7,6,83,70,0,7,35
2024,3,2024-05-12,Völsungur,Álftanes,2,1,1154,21,20,58,48,0,33,34
2024,2,2024-05-13,ÍR,ÍBV,2,0,1155,7,8,62,81,0,38,36
2024,2,2024-05-13,Grótta,Afturelding,1,1,1156,6,8,76,82,0,13,1
2024,2,2024-05-13,Grindavík,HK,1,0,1157,7,6,85,81,0,11,14
2024,3,2024-05-13,KH,Augnablik,1,0,1158,21,4,53,76,0,18,2
2024,1,2024-05-14,Valur,Tindastóll,3,1,1159,6,5,90,82,0,30,29
2024,1,2024-05-14,Stjarnan,FH,4,3,1160,6,6,91,92,0,28,6
2024,1,2024-05-14,Þór/KA,Keflavík,4,0,1161,5,6,86,81,0,40,21
2024,2,2024-05-14,Fram,Selfoss,2,2,1162,8,9,72,82,0,9,25
2024,1,2024-05-15,Þróttur R.,Víkingur R.,0,1,1163,7,6,88,89,0,39,32
2024,1,2024-05-15,Fylkir,Breiðablik,0,2,1164,6,7,81,96,0,10,3
2024,3,2024-05-16,Smári,KR,1,8,1165,5,5,24,76,0,27,20
2024,3,2024-05-17,Álftanes,Fjölnir,1,2,1166,5,8,49,67,0,34,8
2024,3,2024-05-18,KH,Einherji,0,1,1167,5,7,54,49,0,18,5
2024,3,2024-05-18,Vestri,ÍH,0,5,1168,9,7,3,36,0,31,37
2024,4,2024-05-18,Tindastóll,Þór/KA,1,2,1169,4,4,83,87,0,29,40
2024,4,2024-05-18,Grótta,Keflavík,1,3,1170,5,4,77,82,0,13,21
2024,4,2024-05-18,Grindavík,ÍA,2,2,1171,5,6,86,71,0,11,35
2024,3,2024-05-19,Sindri,Völsungur,0,10,1172,8,7,51,59,0,26,33
2024,4,2024-05-19,Afturelding,Víkingur R.,1,0,1173,6,4,83,90,0,1,32
2024,4,2024-05-19,Valur,Fram,8,0,1174,5,5,91,73,0,30,9
2024,4,2024-05-19,FH,FHL,3,2,1175,5,7,93,84,0,6,7
2024,4,2024-05-19,Þróttur R.,Fylkir,5,0,1176,4,4,89,82,0,39,10
2024,4,2024-05-19,Stjarnan,Breiðablik,3,4,1177,5,4,92,97,0,28,3
2024,3,2024-05-20,Dalvík/Reynir,Haukar,0,6,1178,9,11,3,73,0,4,17
2024,2,2024-05-23,ÍBV,Grótta,1,3,1179,10,5,82,78,0,36,13
2024,2,2024-05-23,Selfoss,ÍR,3,1,1180,9,10,83,63,0,25,38
2024,2,2024-05-23,Afturelding,Grindavík,1,0,1181,4,5,84,87,0,1,11
2024,2,2024-05-23,ÍA,Fram,0,2,1182,5,4,72,74,0,35,9
2024,1,2024-05-24,Stjarnan,Fylkir,2,1,1183,5,5,93,83,0,28,10
2024,1,2024-05-24,Breiðablik,Valur,2,1,1184,5,5,98,92,0,3,30
2024,1,2024-05-24,Þór/KA,Tindastóll,5,0,1185,6,6,88,84,0,40,29
2024,3,2024-05-24,Fjölnir,Augnablik,2,4,1186,7,11,68,77,0,8,2
2024,3,2024-05-24,Einherji,Völsungur,0,3,1187,6,5,50,60,0,5,33
2024,3,2024-05-24,Haukar,Álftanes,7,0,1188,4,7,74,50,0,17,34
2024,1,2024-05-25,Keflavík,Þróttur R.,1,0,1189,7,6,83,90,0,21,39
2024,1,2024-05-25,FH,Víkingur R.,2,2,1190,6,6,94,91,0,6,32
2024,2,2024-05-25,HK,FHL,6,1,1191,12,6,82,85,0,14,7
2024,3,2024-05-25,ÍH,Sindri,15,0,1192,7,6,37,52,0,37,26
2024,3,2024-05-25,Dalvík/Reynir,KH,1,4,1193,5,7,4,55,0,4,18
2024,3,2024-05-26,Vestri,Smári,1,1,1194,8,10,4,25,0,31,27
2024,2,2024-05-29,Selfoss,ÍA,1,2,1195,6,6,84,73,0,25,35
2024,2,2024-05-30,Grindavík,ÍBV,1,1,1196,7,7,88,83,0,11,36
2024,2,2024-05-30,Fram,HK,1,1,1197,7,5,75,83,0,9,14
2024,2,2024-05-30,ÍR,Grótta,0,2,1198,7,7,64,79,0,38,13
2024,3,2024-05-31,Einherji,ÍH,8,0,1199,7,6,51,38,0,5,37
2024,3,2024-05-31,Völsungur,Dalvík/Reynir,2,0,1200,7,6,61,5,0,33,4
2024,3,2024-05-31,Álftanes,KH,3,3,1201,7,6,51,56,0,34,18
2024,2,2024-06-01,FHL,Afturelding,2,0,1202,7,9,86,85,0,7,1
2024,3,2024-06-01,Augnablik,Haukar,4,5,1203,8,8,78,75,0,2,17
2024,3,2024-06-01,Sindri,KR,2,2,1204,7,16,53,77,0,26,20
2024,2,2024-06-05,ÍA,ÍR,3,0,1205,7,6,74,65,0,35,38
2024,2,2024-06-05,Grótta,Grindavík,0,1,1206,6,6,80,89,0,13,11
2024,2,2024-06-06,HK,Selfoss,3,1,1207,7,8,84,85,0,14,25
2024,2,2024-06-06,Afturelding,Fram,1,0,1208,5,7,86,76,0,1,9
2024,3,2024-06-07,ÍH,Smári,8,1,1209,7,12,39,26,0,37,27
2024,1,2024-06-08,Valur,Stjarnan,4,0,1210,15,15,93,94,0,30,28
2024,1,2024-06-08,Fylkir,FH,0,3,1211,15,14,84,95,0,10,6
2024,1,2024-06-08,Víkingur R.,Keflavík,0,1,1212,14,14,92,84,0,32,21
2024,1,2024-06-08,Þróttur R.,Tindastóll,4,2,1213,14,15,91,85,0,39,29
2024,1,2024-06-08,Þór/KA,Breiðablik,0,3,1214,15,15,89,99,0,40,3
2024,2,2024-06-08,ÍBV,FHL,3,4,1215,9,7,84,87,0,36,7
2024,3,2024-06-08,Augnablik,Álftanes,4,1,1216,7,8,79,52,0,2,34
2024,3,2024-06-08,Haukar,Einherji,2,2,1217,7,8,76,52,0,17,5
2024,3,2024-06-09,Völsungur,Vestri,5,0,1218,9,14,62,5,0,33,31
2024,3,2024-06-09,KH,Sindri,3,2,1219,9,8,57,54,0,18,26
2024,3,2024-06-09,Fjölnir,Dalvík/Reynir,10,0,1220,16,9,69,6,0,8,4
2024,4,2024-06-11,FH,Þór/KA,0,1,1221,3,3,96,90,0,6,40
2024,4,2024-06-11,Grindavík,Valur,0,6,1222,6,3,90,94,0,11,30
2024,4,2024-06-11,Breiðablik,Keflavík,5,2,1223,3,3,100,85,0,3,21
2024,4,2024-06-11,Afturelding,Þróttur R.,1,4,1224,5,3,87,92,0,1,39
2024,2,2024-06-14,Fram,ÍBV,0,2,1225,8,6,77,85,0,9,36
2024,2,2024-06-14,ÍR,Grindavík,0,4,1226,9,3,66,91,0,38,11
2024,2,2024-06-14,ÍA,HK,0,3,1227,9,8,75,85,0,35,14
2024,3,2024-06-14,KR,ÍH,5,0,1228,13,7,78,40,0,20,37
2024,1,2024-06-15,FH,Keflavík,1,0,1229,4,4,97,86,0,6,21
2024,1,2024-06-15,Stjarnan,Þór/KA,1,4,1230,7,4,95,91,0,28,40
2024,2,2024-06-15,Selfoss,Afturelding,1,0,1231,9,4,86,88,0,25,1
2024,3,2024-06-15,Einherji,Fjölnir,1,0,1232,7,6,53,70,0,5,8
2024,3,2024-06-15,Vestri,KH,2,4,1233,6,6,6,58,0,31,18
2024,1,2024-06-16,Breiðablik,Þróttur R.,3,0,1234,5,5,101,93,0,3,39
2024,1,2024-06-16,Fylkir,Valur,1,4,1235,8,5,85,95,0,10,30
2024,1,2024-06-16,Tindastóll,Víkingur R.,1,1,1236,8,8,86,93,0,29,32
2024,2,2024-06-16,FHL,Grótta,6,2,1237,8,11,88,81,0,7,13
2024,3,2024-06-16,Smári,Völsungur,0,5,1238,9,7,27,63,0,27,33
2024,3,2024-06-17,Sindri,Haukar,2,5,1239,8,9,55,77,0,26,17
2024,3,2024-06-19,Álftanes,ÍH,1,3,1240,11,5,53,41,0,34,37
2024,1,2024-06-20,Víkingur R.,Breiðablik,2,1,1241,4,4,94,102,0,32,3
2024,2,2024-06-20,Grótta,Fram,2,0,1242,4,6,82,78,0,13,9
2024,1,2024-06-21,Keflavík,Tindastóll,0,2,1243,6,5,87,87,0,21,29
2024,1,2024-06-21,Þór/KA,Fylkir,3,1,1244,6,5,92,86,0,40,10
2024,1,2024-06-21,Þróttur R.,Stjarnan,1,0,1245,5,6,94,96,0,39,28
2024,1,2024-06-21,Valur,FH,3,1,1246,5,6,96,98,0,30,6
2024,2,2024-06-21,HK,ÍR,4,1,1247,7,7,86,67,0,14,38
2024,2,2024-06-21,Afturelding,ÍA,3,0,1248,6,7,89,76,0,1,35
2024,3,2024-06-21,Fjölnir,Sindri,5,0,1249,6,4,71,56,0,8,26
2024,3,2024-06-21,KH,Smári,1,0,1250,6,5,59,28,0,18,27
2024,3,2024-06-21,Haukar,Vestri,8,0,1251,4,6,78,7,0,17,31
2024,2,2024-06-22,ÍBV,Selfoss,1,0,1252,8,7,86,87,0,36,25
2024,3,2024-06-22,Einherji,Augnablik,4,2,1253,7,14,54,80,0,5,2
2024,3,2024-06-22,Völsungur,KR,1,2,1254,6,8,64,79,0,33,20
2024,2,2024-06-23,Grindavík,FHL,0,6,1255,9,7,92,89,0,11,7
2024,3,2024-06-23,Sindri,Vestri,4,1,1256,2,2,57,8,0,26,31
2024,3,2024-06-23,Álftanes,Dalvík/Reynir,6,4,1257,4,14,54,7,0,34,4
2024,1,2024-06-25,Þróttur R.,Fylkir,1,0,1258,4,4,95,87,0,39,10
2024,1,2024-06-25,Keflavík,Breiðablik,0,2,1259,4,5,88,103,0,21,3
2024,1,2024-06-25,Þór/KA,Valur,1,2,1260,4,4,93,97,0,40,30
2024,1,2024-06-26,FH,Tindastóll,4,1,1261,5,5,99,88,0,6,29
2024,1,2024-06-26,Víkingur R.,Stjarnan,3,2,1262,6,5,95,97,0,32,28
2024,2,2024-06-26,ÍA,ÍBV,3,1,1263,5,4,77,87,0,35,36
2024,2,2024-06-26,Fram,Grindavík,4,2,1264,6,3,79,93,0,9,11
2024,2,2024-06-27,Selfoss,Grótta,0,0,1265,5,7,88,83,0,25,13
2024,2,2024-06-27,HK,Afturelding,1,3,1266,6,6,87,90,0,14,1
2024,3,2024-06-27,Smári,Einherji,1,5,1267,6,5,29,55,0,27,5
2024,3,2024-06-27,ÍH,Haukar,1,3,1268,8,6,42,79,0,37,17
2024,2,2024-06-28,ÍR,FHL,0,4,1269,7,5,68,90,0,38,7
2024,3,2024-06-28,Fjölnir,KH,2,0,1270,7,7,72,60,0,8,18
2024,4,2024-06-28,Þór/KA,Breiðablik,1,2,1271,3,3,94,104,0,40,3
2024,3,2024-06-29,Augnablik,Völsungur,0,5,1272,7,7,81,65,0,2,33
2024,3,2024-06-29,Dalvík/Reynir,KR,2,2,1273,6,7,8,80,0,4,20
2024,4,2024-06-29,Valur,Þróttur R.,3,0,1274,4,4,98,96,0,30,39
2024,2,2024-07-01,ÍBV,HK,3,2,1275,5,4,88,88,0,36,14
2024,2,2024-07-01,Grindavík,Selfoss,2,1,1276,5,4,94,89,0,11,25
2024,2,2024-07-01,Afturelding,ÍR,4,1,1277,4,3,91,69,0,1,38
2024,1,2024-07-02,Stjarnan,Keflavík,1,0,1278,6,7,98,89,0,28,21
2024,1,2024-07-02,Tindastóll,Breiðablik,0,1,1279,6,4,89,105,0,29,3
2024,1,2024-07-02,Fylkir,Víkingur R.,0,0,1280,7,6,88,96,0,10,32
2024,2,2024-07-02,FHL,Fram,5,1,1281,4,6,91,80,0,7,9
2024,1,2024-07-03,Valur,Þróttur R.,1,0,1282,4,4,99,97,0,30,39
2024,1,2024-07-03,Þór/KA,FH,0,1,1283,5,7,95,100,0,40,6
2024,3,2024-07-03,Smári,Haukar,0,5,1284,6,6,30,80,0,27,17
2024,3,2024-07-04,KR,KH,6,0,1285,5,6,81,61,0,20,18
2024,2,2024-07-05,Grindavík,ÍA,1,2,1286,4,9,95,78,0,11,35
2024,2,2024-07-05,ÍBV,Afturelding,4,1,1287,4,4,89,92,0,36,1
2024,1,2024-07-06,Tindastóll,Stjarnan,0,0,1288,4,4,90,99,0,29,28
2024,2,2024-07-06,FHL,Selfoss,3,0,1289,4,5,92,90,0,7,25
2024,2,2024-07-06,ÍR,Fram,3,3,1290,5,4,70,81,0,38,9
2024,3,2024-07-06,Einherji,Álftanes,3,2,1291,9,13,56,55,0,5,34
2024,3,2024-07-06,ÍH,Völsungur,2,2,1292,9,7,43,66,0,37,33
2024,1,2024-07-07,Víkingur R.,Valur,0,2,1293,5,4,97,100,0,32,30
2024,1,2024-07-07,Keflavík,Fylkir,1,0,1294,5,5,90,89,0,21,10
2024,1,2024-07-07,Þróttur R.,Þór/KA,2,4,1295,4,4,98,96,0,39,40
2024,1,2024-07-07,FH,Breiðablik,0,4,1296,4,5,101,106,0,6,3
2024,3,2024-07-07,Sindri,Augnablik,3,6,1297,14,8,58,82,0,26,2
2024,3,2024-07-07,Vestri,Fjölnir,2,2,1298,14,9,9,73,0,31,8
2024,2,2024-07-08,Grótta,HK,1,0,1299,11,7,84,89,0,13,14
2024,3,2024-07-10,KH,ÍH,1,4,1300,6,4,62,44,0,18,37
2024,3,2024-07-10,Haukar,KR,4,3,1301,7,6,81,82,0,17,20
2024,3,2024-07-10,Dalvík/Reynir,Einherji,1,1,1302,11,4,9,57,0,4,5
2024,3,2024-07-11,Fjölnir,Smári,7,0,1303,4,8,74,31,0,8,27
2024,2,2024-07-13,Grótta,ÍA,3,2,1304,5,8,85,79,0,13,35
2024,3,2024-07-13,Vestri,Álftanes,2,1,1305,6,7,10,56,0,31,34
2024,3,2024-07-14,Sindri,Dalvík/Reynir,4,1,1306,7,4,59,10,0,26,4
2024,3,2024-07-14,Völsungur,KH,7,1,1307,8,4,67,63,0,33,18
2024,3,2024-07-15,KR,Fjölnir,3,1,1308,5,4,83,75,0,20,8
2024,1,2024-07-19,Þór/KA,Víkingur R.,0,2,1309,12,12,97,98,0,40,32
2024,2,2024-07-19,ÍBV,ÍR,3,0,1310,14,13,90,71,0,36,38
2024,2,2024-07-19,Selfoss,Fram,0,2,1311,13,13,91,82,0,25,9
2024,2,2024-07-19,HK,Grindavík,1,0,1312,11,14,90,96,0,14,11
2024,2,2024-07-19,Afturelding,Grótta,1,1,1313,14,6,93,86,0,1,13
2024,3,2024-07-19,Álftanes,Smári,4,0,1314,6,8,57,32,0,34,27
2024,3,2024-07-19,Augnablik,KR,0,8,1315,12,4,83,84,0,2,20
2024,1,2024-07-20,Stjarnan,Breiðablik,0,1,1316,14,13,100,107,0,28,3
2024,1,2024-07-20,Þróttur R.,FH,2,1,1317,13,13,99,102,0,39,6
2024,1,2024-07-20,Valur,Keflavík,2,1,1318,13,13,101,91,0,30,21
2024,2,2024-07-20,ÍA,FHL,1,3,1319,7,14,80,93,0,35,7
2024,3,2024-07-20,Haukar,Völsungur,1,2,1320,10,6,82,68,0,17,33
2024,3,2024-07-20,Einherji,Sindri,4,3,1321,10,6,58,60,0,5,26
2024,1,2024-07-21,Fylkir,Tindastóll,4,1,1322,14,15,90,91,0,10,29
2024,3,2024-07-21,Dalvík/Reynir,Vestri,2,1,1323,7,8,11,11,0,4,31
2024,3,2024-07-22,Fjölnir,ÍH,1,0,1324,7,12,76,45,0,8,37
2024,3,2024-07-22,Augnablik,Smári,2,1,1325,3,3,84,33,0,2,27
2024,3,2024-07-23,KR,Álftanes,3,1,1326,4,4,85,58,0,20,34
2024,1,2024-07-24,FH,Stjarnan,1,2,1327,4,4,103,101,0,6,28
2024,1,2024-07-24,Tindastóll,Valur,1,4,1328,3,4,92,102,0,29,30
2024,1,2024-07-24,Keflavík,Þór/KA,0,1,1329,4,5,92,98,0,21,40
2024,2,2024-07-24,Grindavík,Afturelding,1,1,1330,5,5,97,94,0,11,1
2024,3,2024-07-24,Dalvík/Reynir,Augnablik,2,1,1331,3,2,12,85,0,4,2
2024,2,2024-07-25,Fram,ÍA,1,1,1332,6,5,83,81,0,9,35
2024,1,2024-07-26,Víkingur R.,Þróttur R.,0,0,1333,7,6,99,100,0,32,39
2024,1,2024-07-26,Breiðablik,Fylkir,1,0,1334,6,5,108,91,0,3,10
2024,2,2024-07-26,Grótta,ÍBV,0,1,1335,7,7,87,91,0,13,36
2024,2,2024-07-26,ÍR,Selfoss,0,0,1336,7,7,72,92,0,38,25
2024,3,2024-07-26,Völsungur,Fjölnir,0,0,1337,6,4,69,77,0,33,8
2024,3,2024-07-26,KH,Haukar,1,6,1338,12,6,64,83,0,18,17
2024,2,2024-07-27,FHL,HK,6,1,1339,7,8,94,91,0,7,14
2024,3,2024-07-27,Álftanes,Sindri,4,4,1340,4,7,59,61,0,34,26
2024,3,2024-07-27,ÍH,Augnablik,5,0,1341,5,3,46,86,0,37,2
2024,3,2024-07-27,Smári,Dalvík/Reynir,1,1,1342,5,3,34,13,0,27,4
2024,3,2024-07-28,Vestri,Einherji,2,1,1343,7,8,12,59,0,31,5
2024,1,2024-07-30,Tindastóll,Þór/KA,3,3,1344,6,6,93,99,0,29,40
2024,1,2024-07-30,Þróttur R.,Keflavík,4,2,1345,4,6,101,93,0,39,21
2024,1,2024-07-30,Fylkir,Stjarnan,0,1,1346,4,6,92,102,0,10,28
2024,1,2024-07-31,Valur,Breiðablik,1,0,1347,7,5,103,109,0,30,3
2024,1,2024-07-31,Víkingur R.,FH,3,2,1348,5,7,100,104,0,32,6
2024,2,2024-07-31,ÍBV,Grindavík,3,1,1349,5,7,92,98,0,36,11
2024,2,2024-07-31,HK,Fram,0,3,1350,4,6,92,84,0,14,9
2024,2,2024-07-31,ÍA,Selfoss,1,0,1351,6,5,82,93,0,35,25
2024,2,2024-07-31,Afturelding,FHL,1,4,1352,7,4,95,95,0,1,7
2024,2,2024-07-31,Grótta,ÍR,1,0,1353,5,5,88,73,0,13,38
2024,2,2024-08-08,Selfoss,HK,2,2,1354,8,8,94,93,0,25,14
2024,2,2024-08-08,ÍR,ÍA,2,3,1355,8,8,74,83,0,38,35
2024,1,2024-08-09,Tindastóll,Þróttur R.,1,2,1356,10,10,94,102,0,29,39
2024,1,2024-08-09,FH,Fylkir,3,1,1357,9,10,105,93,0,6,10
2024,1,2024-08-09,Stjarnan,Valur,1,1,1358,10,9,103,104,0,28,30
2024,2,2024-08-09,Grindavík,Grótta,1,2,1359,9,9,99,89,0,11,13
2024,2,2024-08-09,Fram,Afturelding,3,1,1360,9,9,85,96,0,9,1
2024,1,2024-08-10,Keflavík,Víkingur R.,1,2,1361,11,10,94,101,0,21,32
2024,1,2024-08-10,Breiðablik,Þór/KA,4,2,1362,10,11,110,100,0,3,40
2024,2,2024-08-10,FHL,ÍBV,5,1,1363,10,10,96,93,0,7,36
2024,3,2024-08-10,ÍH,Haukar,1,2,1364,14,15,47,84,0,37,17
2024,3,2024-08-10,Augnablik,Fjölnir,0,6,1365,14,15,87,78,0,2,8
2024,3,2024-08-10,Sindri,KH,2,4,1366,14,15,62,65,0,26,18
2024,3,2024-08-10,Álftanes,Smári,4,1,1367,14,14,60,35,0,34,27
2024,3,2024-08-11,KR,Völsungur,2,0,1368,19,16,86,70,0,20,33
2024,3,2024-08-11,Vestri,Dalvík/Reynir,6,2,1369,14,15,13,14,0,31,4
2024,1,2024-08-15,Þór/KA,Stjarnan,2,2,1370,5,6,101,104,0,40,28
2024,1,2024-08-15,Keflavík,FH,3,4,1371,5,6,95,106,0,21,6
2024,1,2024-08-15,Víkingur R.,Tindastóll,5,1,1372,5,6,102,95,0,32,29
2024,2,2024-08-15,ÍBV,Fram,1,2,1373,5,6,94,86,0,36,9
2024,2,2024-08-15,Grindavík,ÍR,4,0,1374,6,7,100,75,0,11,38
2024,2,2024-08-15,Afturelding,Selfoss,1,3,1375,6,7,97,95,0,1,25
2024,2,2024-08-15,HK,ÍA,3,1,1376,7,7,94,84,0,14,35
2024,3,2024-08-15,Augnablik,KH,1,1,1377,5,5,88,66,0,2,18
2024,4,2024-08-16,Valur,Breiðablik,2,1,1378,7,6,105,111,0,30,3
2024,2,2024-08-17,Grótta,FHL,1,0,1379,8,7,90,97,0,13,7
2024,3,2024-08-17,Einherji,ÍH,1,1,1380,20,7,60,48,0,5,37
2024,3,2024-08-17,Haukar,KR,1,1,1381,7,6,85,87,0,17,20
2024,3,2024-08-17,Fjölnir,Sindri,4,2,1382,7,7,79,63,0,8,26
2024,3,2024-08-17,Dalvík/Reynir,Smári,1,0,1383,6,7,15,36,0,4,27
2024,3,2024-08-18,Vestri,Álftanes,3,2,1384,7,8,14,61,0,31,34
2024,1,2024-08-20,Þróttur R.,Breiðablik,2,4,1385,11,4,103,112,0,39,3
2024,1,2024-08-20,Valur,Fylkir,2,0,1386,4,11,106,94,0,30,10
2024,3,2024-08-20,Einherji,Völsungur,0,1,1387,3,9,61,71,0,5,33
2024,2,2024-08-21,Fram,Grótta,4,1,1388,6,4,87,91,0,9,13
2024,3,2024-08-21,ÍH,KR,0,2,1389,4,4,49,88,0,37,20
2024,2,2024-08-22,ÍA,Afturelding,2,2,1390,7,7,85,98,0,35,1
2024,2,2024-08-22,ÍR,HK,1,3,1391,7,7,76,95,0,38,14
2024,2,2024-08-22,Selfoss,ÍBV,0,3,1392,7,7,96,95,0,25,36
2024,3,2024-08-23,KH,Fjölnir,0,8,1393,8,6,67,80,0,18,8
2024,2,2024-08-24,FHL,Grindavík,1,4,1394,7,9,98,101,0,7,11
2024,3,2024-08-24,ÍH,Völsungur,2,5,1395,3,4,50,72,0,37,33
2024,3,2024-08-24,Smári,Vestri,2,2,1396,7,6,37,15,0,27,31
2024,3,2024-08-24,Álftanes,Dalvík/Reynir,2,3,1397,6,7,62,16,0,34,4
2024,1,2024-08-25,FH,Valur,2,4,1398,10,5,107,107,0,6,30
2024,1,2024-08-25,Breiðablik,Víkingur R.,4,0,1399,5,10,113,103,0,3,32
2024,1,2024-08-25,Fylkir,Þór/KA,2,2,1400,5,10,95,102,0,10,40
2024,1,2024-08-25,Stjarnan,Þróttur R.,1,2,1401,10,5,105,104,0,28,39
2024,1,2024-08-25,Tindastóll,Keflavík,1,1,1402,10,10,96,96,0,29,21
2024,3,2024-08-25,Haukar,Einherji,7,0,1403,8,5,86,62,0,17,5
2024,3,2024-08-25,Sindri,Augnablik,3,1,1404,8,10,64,89,0,26,2
2024,3,2024-08-29,Fjölnir,Augnablik,0,0,1405,6,4,81,90,0,8,2
2024,1,2024-08-30,Valur,Þróttur R.,1,1,1406,5,5,108,105,0,30,39
2024,1,2024-08-30,Breiðablik,Víkingur R.,4,0,1407,5,5,114,104,0,3,32
2024,2,2024-08-30,Grótta,Selfoss,3,1,1408,9,8,92,97,0,13,25
2024,3,2024-08-30,Smári,Álftanes,2,4,1409,6,6,38,63,0,27,34
2024,1,2024-08-31,Þór/KA,FH,1,0,1410,6,6,103,108,0,40,6
2024,2,2024-08-31,FHL,ÍR,6,4,1411,7,9,99,77,0,7,38
2024,2,2024-08-31,Afturelding,HK,1,4,1412,9,9,99,96,0,1,14
2024,2,2024-08-31,Grindavík,Fram,0,1,1413,7,10,102,88,0,11,9
2024,2,2024-08-31,ÍBV,ÍA,0,1,1414,9,9,96,86,0,36,35
2024,3,2024-08-31,Einherji,KR,1,2,1415,6,10,63,89,0,5,20
2024,3,2024-08-31,Völsungur,Haukar,1,2,1416,7,6,73,87,0,33,17
2024,3,2024-08-31,KH,Sindri,2,2,1417,8,6,68,65,0,18,26
2024,3,2024-08-31,Dalvík/Reynir,Vestri,0,1,1418,7,7,17,16,0,4,31
2024,1,2024-09-01,Tindastóll,Keflavík,2,1,1419,7,7,97,97,0,29,21
2024,1,2024-09-02,Stjarnan,Fylkir,1,2,1420,8,8,106,96,0,28,10
2024,3,2024-09-04,KR,ÍH,5,2,1421,4,11,90,51,0,20,37
2024,3,2024-09-05,Völsungur,Einherji,2,0,1422,5,5,74,64,0,33,5
2024,1,2024-09-07,Tindastóll,Fylkir,3,0,1423,6,5,98,97,0,29,10
2024,1,2024-09-07,Keflavík,Stjarnan,4,4,1424,6,5,98,107,0,21,28
2024,2,2024-09-07,ÍR,Afturelding,1,0,1425,7,7,78,100,0,38,1
2024,2,2024-09-07,HK,ÍBV,5,0,1426,7,7,97,97,0,14,36
2024,2,2024-09-07,ÍA,Grótta,1,2,1427,7,8,87,93,0,35,13
2024,2,2024-09-07,Fram,FHL,5,0,1428,7,7,89,100,0,9,7
2024,2,2024-09-07,Selfoss,Grindavík,1,1,1429,8,7,98,103,0,25,11
2024,3,2024-09-07,KH,Augnablik,7,1,1430,7,9,69,91,0,18,2
2024,3,2024-09-07,Sindri,Fjölnir,3,1,1431,7,9,66,82,0,26,8
2024,3,2024-09-07,Álftanes,Vestri,1,2,1432,8,7,64,17,0,34,31
2024,3,2024-09-07,Smári,Dalvík/Reynir,1,0,1433,8,7,39,18,0,27,4
2024,3,2024-09-08,KR,Haukar,2,3,1434,4,8,91,88,0,20,17
2024,3,2024-09-08,ÍH,Einherji,3,1,1435,4,3,52,65,0,37,5
2024,1,2024-09-12,FH,Víkingur R.,0,3,1436,12,13,109,105,0,6,32
2024,1,2024-09-13,Þór/KA,Valur,0,1,1437,13,14,104,109,0,40,30
2024,1,2024-09-13,Þróttur R.,Breiðablik,1,4,1438,14,14,106,115,0,39,3
2024,3,2024-09-13,Augnablik,Sindri,0,7,1439,6,6,92,67,0,2,26
2024,1,2024-09-14,Stjarnan,Tindastóll,2,1,1440,7,7,108,99,0,28,29
2024,1,2024-09-14,Fylkir,Keflavík,1,4,1441,7,7,98,99,0,10,21
2024,3,2024-09-14,Fjölnir,KH,5,1,1442,7,7,83,70,0,8,18
2024,3,2024-09-14,Vestri,Smári,6,2,1443,7,7,18,40,0,31,27
2024,3,2024-09-14,Dalvík/Reynir,Álftanes,1,3,1444,7,7,19,65,0,4,34
2024,3,2024-09-15,Völsungur,KR,3,2,1445,10,7,75,92,0,33,20
2024,3,2024-09-15,Haukar,ÍH,6,1,1446,7,7,89,53,0,17,37
2024,1,2024-09-20,Víkingur R.,Þróttur R.,1,1,1447,8,7,106,107,0,32,39
2024,3,2024-09-21,Völsungur,ÍH,3,3,1448,6,6,76,54,0,33,37
2024,1,2024-09-22,Valur,FH,2,0,1449,9,10,110,110,0,30,6
2024,1,2024-09-22,Breiðablik,Þór/KA,6,1,1450,9,9,116,105,0,3,40
2024,3,2024-09-22,Einherji,Haukar,0,4,1451,14,7,66,90,0,5,17
2024,1,2024-09-28,Breiðablik,FH,4,2,1452,6,6,117,111,0,3,6
2024,1,2024-09-28,Víkingur R.,Valur,1,2,1453,8,6,107,111,0,32,30
2024,3,2024-09-28,KR,Einherji,2,1,1454,13,6,93,67,0,20,5
2024,3,2024-09-28,Haukar,Völsungur,3,0,1455,6,7,91,77,0,17,33
2024,1,2024-09-29,Þróttur R.,Þór/KA,0,0,1456,9,7,108,106,0,39,40
2024,1,2024-10-05,Þór/KA,Víkingur R.,0,1,1457,6,7,107,108,0,40,32
2024,1,2024-10-05,FH,Þróttur R.,0,3,1458,7,6,112,109,0,6,39
2024,1,2024-10-05,Valur,Breiðablik,0,0,1459,7,7,112,118,0,30,3
2025,5,2025-02-01,FH,Breiðablik,2,4,1460,100,100,113,119,1,6,3
2025,5,2025-02-07,Valur,Fram,6,0,1461,100,100,113,90,1,30,9
2025,5,2025-02-07,Keflavík,Breiðablik,0,2,1462,100,6,100,120,1,21,3
2025,5,2025-02-08,Fylkir,Þróttur R.,1,7,1463,100,100,99,110,1,10,39
2025,5,2025-02-08,FH,Stjarnan,1,0,1464,7,100,114,109,0,6,28
2025,5,2025-02-08,FHL,Víkingur R.,1,2,1465,100,100,101,109,1,7,32
2025,5,2025-02-08,ÍA,KR,4,2,1466,100,100,88,94,1,35,20
2025,5,2025-02-09,Þór/KA,Tindastóll,9,0,1467,100,100,108,100,1,40,29
2025,5,2025-02-13,Haukar,Grótta,2,1,1468,100,100,92,94,1,17,13
2025,5,2025-02-13,Afturelding,Grindavík/ Njarðvík,2,1,1469,100,7,101,1,1,1,12
2025,5,2025-02-14,Valur,Fylkir,4,1,1470,7,6,114,100,0,30,10
2025,5,2025-02-14,Víkingur R.,FH,1,1,1471,6,6,110,115,0,32,6
2025,5,2025-02-14,Breiðablik,Stjarnan,5,1,1472,7,6,121,110,0,3,28
2025,5,2025-02-15,Fram,Tindastóll,2,1,1473,8,6,91,101,0,9,29
2025,5,2025-02-15,Þróttur R.,Þór/KA,2,1,1474,7,6,111,109,0,39,40
2025,5,2025-02-15,Keflavík,FHL,3,0,1475,8,7,101,102,0,21,7
2025,5,2025-02-15,HK,ÍBV,1,3,1476,100,100,98,98,1,14,36
2025,5,2025-02-20,Haukar,ÍA,3,5,1477,7,12,93,89,0,17,35
2025,5,2025-02-20,KR,Afturelding,5,2,1478,12,7,95,102,0,20,1
2025,5,2025-02-22,FHL,FH,0,3,1479,7,8,103,116,0,7,6
2025,5,2025-02-22,Grótta,ÍBV,2,1,1480,9,7,95,99,0,13,36
2025,5,2025-02-23,Þór/KA,Fram,5,1,1481,8,8,110,92,0,40,9
2025,5,2025-02-23,Breiðablik,Víkingur R.,2,0,1482,9,9,122,111,0,3,32
2025,5,2025-02-23,Grindavík/ Njarðvík,HK,1,2,1483,10,8,2,99,0,12,14
2025,5,2025-02-27,HK,KR,4,2,1484,4,7,100,96,0,14,20
2025,5,2025-02-27,Afturelding,Haukar,3,4,1485,7,7,103,94,0,1,17
2025,5,2025-02-28,Stjarnan,Víkingur R.,1,1,1486,14,5,111,112,0,28,32
2025,5,2025-02-28,ÍA,Grótta,3,0,1487,8,6,90,96,0,35,13
2025,5,2025-03-01,Fram,Þróttur R.,1,1,1488,6,14,93,112,0,9,39
2025,5,2025-03-01,FH,Keflavík,1,1,1489,7,14,117,102,0,6,21
2025,5,2025-03-02,FHL,Breiðablik,0,7,1490,8,7,104,123,0,7,3
2025,5,2025-03-04,Valur,Tindastóll,5,0,1491,18,17,115,102,0,30,29
2025,5,2025-03-06,Fylkir,Fram,1,0,1492,20,5,101,94,0,10,9
2025,5,2025-03-06,Haukar,HK,1,0,1493,7,7,95,101,0,17,14
2025,5,2025-03-08,Tindastóll,Þróttur R.,0,9,1494,4,7,103,113,0,29,39
2025,5,2025-03-08,Þór/KA,Valur,2,0,1495,13,4,111,116,0,40,30
2025,5,2025-03-08,Keflavík,Stjarnan,0,4,1496,7,8,103,112,0,21,28
2025,5,2025-03-08,ÍA,Afturelding,4,1,1497,8,9,91,104,0,35,1
2025,5,2025-03-08,KR,ÍBV,2,5,1498,9,14,97,100,0,20,36
2025,5,2025-03-08,Grótta,Grindavík/ Njarðvík,0,1,1499,8,13,97,3,0,13,12
2025,5,2025-03-11,Fylkir,Þór/KA,0,5,1500,5,3,102,112,0,10,40
2025,5,2025-03-12,Þróttur R.,Valur,0,1,1501,4,4,114,117,0,39,30
2025,5,2025-03-12,Grindavík/ Njarðvík,ÍBV,5,2,1502,4,4,4,101,0,12,36
2025,5,2025-03-14,Víkingur R.,Keflavík,0,3,1503,14,6,113,104,0,32,21
2025,5,2025-03-14,Stjarnan,FHL,5,0,1504,6,12,113,105,0,28,7
2025,5,2025-03-14,Afturelding,Grótta,0,6,1505,6,6,105,98,0,1,13
2025,5,2025-03-16,Tindastóll,Fylkir,2,0,1506,8,5,104,103,0,29,10
2025,5,2025-03-16,Grindavík/ Njarðvík,KR,4,7,1507,4,8,5,98,0,12,20
2025,5,2025-03-21,Breiðablik,Valur,2,1,1508,19,9,124,118,0,3,30
2025,5,2025-03-21,HK,ÍA,0,1,1509,15,13,102,92,0,14,35
2025,5,2025-03-21,KR,Grótta,2,3,1510,5,7,99,99,0,20,13
2025,5,2025-03-23,Haukar,ÍBV,3,3,1511,17,11,96,102,0,17,36
2025,5,2025-03-24,Þór/KA,Stjarnan,1,1,1512,13,10,113,114,0,40,28
2025,5,2025-03-28,Breiðablik,Þór/KA,4,1,1513,7,4,125,114,0,3,40
2025,5,2025-03-30,Grindavík/ Njarðvík,ÍA,3,4,1514,14,9,6,93,0,12,35
2025,5,2025-04-03,Afturelding,HK,1,4,1515,20,13,106,103,0,1,14
2025,5,2025-04-05,ÍA,ÍBV,4,0,1516,6,13,94,103,0,35,36
2025,5,2025-04-05,Haukar,Grindavík/ Njarðvík,5,4,1517,13,6,97,7,0,17,12
2025,5,2025-04-08,Afturelding,ÍBV,1,5,1518,5,3,107,104,0,1,36
2025,5,2025-04-10,KR,Haukar,5,1,1519,20,5,100,98,0,20,17
2025,5,2025-04-11,HK,Grótta,3,2,1520,8,21,104,100,0,14,13
2025,1,2025-04-15,Þróttur R.,Fram,3,1,1521,34,40,115,95,0,39,9
2025,1,2025-04-15,Breiðablik,Stjarnan,6,1,1522,18,22,126,115,0,3,28
2025,1,2025-04-16,Víkingur R.,Þór/KA,1,4,1523,33,19,114,115,0,32,40
2025,1,2025-04-16,Tindastóll,FHL,1,0,1524,31,33,105,106,0,29,7
2025,1,2025-04-16,Valur,FH,0,0,1525,26,46,119,118,0,30,6
2025,4,2025-04-16,ÍR,Vestri,3,0,1526,100,100,79,19,1,38,31
2025,4,2025-04-17,ÍH,Grótta,1,9,1527,100,6,55,101,1,37,13
2025,4,2025-04-19,Haukar,Selfoss,4,0,1528,9,100,99,99,0,17,25
2025,4,2025-04-19,Einherji,Sindri,4,2,1529,100,100,68,68,1,5,26
2025,4,2025-04-19,Dalvík/Reynir,Völsungur,0,1,1530,100,100,20,78,1,4,33
2025,4,2025-04-19,HK,Afturelding,2,0,1531,8,11,105,108,0,14,1
2025,1,2025-04-21,Þór/KA,Tindastóll,2,1,1532,5,5,116,106,0,40,29
2025,1,2025-04-21,FHL,Valur,0,2,1533,5,5,107,120,0,7,30
2025,1,2025-04-22,Stjarnan,Víkingur R.,2,6,1534,7,6,116,115,0,28,32
2025,1,2025-04-22,Fram,FH,0,2,1535,7,6,96,119,0,9,6
2025,1,2025-04-22,Þróttur R.,Breiðablik,2,2,1536,7,7,116,127,0,39,3
2025,4,2025-04-24,Álftanes,Fjölnir,2,3,1537,100,100,66,84,1,34,8
2025,4,2025-04-26,Einherji,Völsungur,0,7,1538,7,7,69,79,0,5,33
2025,1,2025-04-27,FH,FHL,3,1,1539,5,6,120,108,0,6,7
2025,1,2025-04-27,Valur,Þór/KA,3,0,1540,6,6,121,117,0,30,40
2025,1,2025-04-27,Tindastóll,Stjarnan,1,2,1541,6,5,107,117,0,29,28
2025,4,2025-04-27,ÍR,KR,1,7,1542,11,17,80,101,0,38,20
2025,4,2025-04-27,ÍBV,Grótta,4,0,1543,19,10,105,102,0,36,13
2025,4,2025-04-27,Haukar,HK,0,7,1544,8,8,100,106,0,17,14
2025,4,2025-04-28,Fjölnir,Fylkir,0,5,1545,4,43,85,104,0,8,10
2025,1,2025-04-29,Breiðablik,Fram,7,1,1546,7,7,128,97,0,3,9
2025,1,2025-04-29,Víkingur R.,Þróttur R.,0,1,1547,7,7,116,117,0,32,39
2025,1,2025-05-03,Fram,FHL,2,0,1548,4,6,98,109,0,9,7
2025,1,2025-05-03,Breiðablik,Víkingur R.,4,0,1549,4,4,129,117,0,3,32
2025,1,2025-05-03,Þór/KA,FH,0,3,1550,6,6,118,121,0,40,6
2025,1,2025-05-03,Þróttur R.,Tindastóll,1,0,1551,4,6,118,108,0,39,29
2025,1,2025-05-03,Stjarnan,Valur,1,0,1552,6,6,118,122,0,28,30
2025,2,2025-05-03,Grótta,HK,1,2,1553,6,6,103,107,0,13,14
2025,2,2025-05-03,Haukar,Keflavík,2,1,1554,6,50,101,105,0,17,21
2025,2,2025-05-03,Afturelding,KR,1,3,1555,14,6,109,102,0,1,20
2025,2,2025-05-03,Fylkir,ÍA,3,1,1556,5,28,105,95,0,10,35
2025,2,2025-05-03,Grindavík/ Njarðvík,ÍBV,2,1,1557,28,6,8,106,0,12,36
2025,3,2025-05-04,Smári,Sindri,1,6,1558,100,15,41,69,1,27,26
2025,3,2025-05-04,Fjölnir,Selfoss,1,5,1559,6,15,86,100,0,8,25
2025,2,2025-05-07,ÍBV,Grótta,5,1,1560,4,4,107,104,0,36,13
2025,1,2025-05-08,Tindastóll,Breiðablik,1,5,1561,5,5,109,130,0,29,3
2025,1,2025-05-08,Valur,Þróttur R.,1,3,1562,5,5,123,119,0,30,39
2025,1,2025-05-08,FHL,Þór/KA,2,5,1563,5,5,110,119,0,7,40
2025,2,2025-05-08,ÍA,Afturelding,2,0,1564,5,5,96,110,0,35,1
2025,2,2025-05-08,Fylkir,Grindavík/ Njarðvík,3,2,1565,5,5,106,9,0,10,12
2025,2,2025-05-08,Keflavík,KR,2,2,1566,5,5,106,103,0,21,20
2025,2,2025-05-08,HK,Haukar,1,0,1567,5,5,108,102,0,14,17
2025,3,2025-05-08,Dalvík/Reynir,Völsungur,1,4,1568,19,12,21,80,0,4,33
2025,1,2025-05-09,Víkingur R.,Fram,1,2,1569,6,6,118,99,0,32,9
2025,1,2025-05-09,FH,Stjarnan,2,1,1570,6,6,122,119,0,6,28
2025,3,2025-05-10,KÞ,Sindri,1,1,1571,7,6,1,70,1,23,26
2025,3,2025-05-10,Selfoss,ÍR,3,1,1572,6,13,101,81,0,25,38
2025,3,2025-05-10,ÍH,Einherji,3,0,1573,23,14,56,70,0,37,5
2025,3,2025-05-11,Smári,Vestri,0,1,1574,7,25,42,20,0,27,31
2025,4,2025-05-11,Þór/KA,KR,6,0,1575,3,3,120,104,0,40,20
2025,4,2025-05-11,FHL,Breiðablik,0,3,1576,3,3,111,131,0,7,3
2025,4,2025-05-11,ÍBV,Völsungur,1,0,1577,4,3,108,81,0,36,33
2025,4,2025-05-12,Stjarnan,Tindastóll,1,3,1578,3,4,120,110,0,28,29
2025,4,2025-05-12,Fylkir,FH,1,4,1579,4,3,107,123,0,10,6
2025,4,2025-05-12,Fram,Valur,2,3,1580,3,4,100,124,0,9,30
2025,4,2025-05-12,Þróttur R.,Víkingur R.,6,3,1581,4,3,120,119,0,39,32
2025,1,2025-05-16,Breiðablik,Valur,4,0,1582,5,4,132,125,0,3,30
2025,2,2025-05-16,Haukar,ÍBV,0,6,1583,8,5,103,109,0,17,36
2025,2,2025-05-16,Afturelding,Keflavík,1,2,1584,8,8,111,107,0,1,21
2025,1,2025-05-17,Þróttur R.,FH,4,1,1585,5,5,121,124,0,39,6
2025,1,2025-05-17,Stjarnan,FHL,1,0,1586,5,6,121,112,0,28,7
2025,1,2025-05-17,Víkingur R.,Tindastóll,1,4,1587,5,5,120,111,0,32,29
2025,1,2025-05-17,Fram,Þór/KA,1,3,1588,5,6,101,121,0,9,40
2025,2,2025-05-17,Grótta,Fylkir,3,0,1589,10,5,105,108,0,13,10
2025,2,2025-05-17,KR,HK,5,4,1590,6,9,105,109,0,20,14
2025,2,2025-05-17,Grindavík/ Njarðvík,ÍA,1,1,1591,9,9,10,97,0,12,35
2025,2,2025-05-22,ÍBV,KR,4,0,1592,6,5,110,106,0,36,20
2025,2,2025-05-22,ÍA,Keflavík,1,1,1593,5,6,98,108,0,35,21
2025,2,2025-05-22,Fylkir,Haukar,1,2,1594,5,6,109,104,0,10,17
2025,2,2025-05-22,Grindavík/ Njarðvík,Grótta,3,2,1595,5,5,11,106,0,12,13
2025,2,2025-05-22,HK,Afturelding,3,0,1596,5,6,110,112,0,14,1
2025,1,2025-05-23,Fram,Tindastóll,1,0,1597,6,6,102,112,0,9,29
2025,1,2025-05-23,FH,Breiðablik,2,1,1598,6,7,125,133,0,6,3
2025,1,2025-05-23,Valur,Víkingur R.,1,1,1599,7,6,126,121,0,30,32
2025,1,2025-05-24,Þór/KA,Stjarnan,1,0,1600,7,7,122,122,0,40,28
2025,1,2025-05-25,FHL,Þróttur R.,0,4,1601,8,8,113,122,0,7,39
2025,2,2025-05-26,Afturelding,ÍBV,0,8,1602,4,4,113,111,0,1,36
2025,2,2025-05-28,KR,Fylkir,3,1,1603,6,6,107,110,0,20,10
2025,2,2025-05-28,Haukar,Grindavík/ Njarðvík,1,2,1604,6,6,105,12,0,17,12
2025,2,2025-05-28,Keflavík,HK,0,1,1605,6,6,109,111,0,21,14
2025,2,2025-05-28,Grótta,ÍA,2,1,1606,6,6,107,99,0,13,35
